section,claim_id,value,unit,type,status,source,notes,notes_connectivity,notes_dbcomparison
5.2.table2,sec5_2_table2_perpair_aggregate_gbps_mean,2570.3,Gbps,DERIVED,OK,"track1_aggregate_per_rep.csv, mode=per-pair, mean(total_gbps)",,,
5.2.table2,sec5_2_table2_perpair_aggregate_gbps_std,11.5,Gbps,DERIVED,OK,"track1_aggregate_per_rep.csv, mode=per-pair, std(total_gbps)",,,
5.2.table2,sec5_2_table2_perpair_perpair_mean_gbps,107.1,Gbps,DERIVED,OK,"track1_per_pair_per_pair.csv, mean(mean_gbps) across 24 pairs",,,
5.2.table2,sec5_2_table2_perpair_retransmits,13,count,DERIVED,OK,"track1_aggregate_per_rep.csv, mode=per-pair, mean(total_retransmits) rounded",,,
5.2.table2,sec5_2_table2_stinbound_aggregate_gbps_mean,2458.0,Gbps,DERIVED,OK,"track1_aggregate_per_rep.csv, mode=st-inbound, mean(total_gbps)",,,
5.2.table2,sec5_2_table2_stinbound_aggregate_gbps_std,34.1,Gbps,DERIVED,OK,"track1_aggregate_per_rep.csv, mode=st-inbound, std(total_gbps)",,,
5.2.table2,sec5_2_table2_stinbound_perpair_mean_gbps,102.4,Gbps,DERIVED,OK,"track1_st_inbound_per_pair.csv, mean(mean_gbps) across 24 pairs",,,
5.2.table2,sec5_2_table2_stinbound_retransmits,19,count,DERIVED,OK,"track1_aggregate_per_rep.csv, mode=st-inbound, mean(total_retransmits) rounded",,,
5.2.table2,sec5_2_table2_appoutbound_aggregate_gbps_mean,522.9,Gbps,DERIVED,OK,"track1_aggregate_per_rep.csv, mode=app-outbound, mean(total_gbps)",,,
5.2.table2,sec5_2_table2_appoutbound_aggregate_gbps_std,4.3,Gbps,DERIVED,OK,"track1_aggregate_per_rep.csv, mode=app-outbound, std(total_gbps)",,,
5.2.table2,sec5_2_table2_appoutbound_retransmits,21,count,DERIVED,OK,"track1_aggregate_per_rep.csv, mode=app-outbound, mean(total_retransmits) rounded",,,
5.2.table2,sec5_2_table2_fullmesh_aggregate_gbps_mean,529.0,Gbps,DERIVED,OK,"track1_aggregate_per_rep.csv, mode=full-mesh, mean(total_gbps)",,,
5.2.table2,sec5_2_table2_fullmesh_aggregate_gbps_std,14.0,Gbps,DERIVED,OK,"track1_aggregate_per_rep.csv, mode=full-mesh, std(total_gbps)",,,
5.2.table2,sec5_2_table2_fullmesh_perpair_mean_gbps,22.0,Gbps,DERIVED,OK,"track1_full_mesh_per_pair.csv, mean(mean_gbps) across 24 pairs",,,
5.2.table2,sec5_2_table2_fullmesh_retransmits,20,count,DERIVED,OK,"track1_aggregate_per_rep.csv, mode=full-mesh, mean(total_retransmits) rounded",,,
5.2.table2,sec5_2_table2_ststst_aggregate_gbps_mean,1378.6,Gbps,DERIVED,OK,"track1_aggregate_per_rep.csv, mode=st-to-st, mean(total_gbps)",,,
5.2.table2,sec5_2_table2_ststst_aggregate_gbps_std,31.1,Gbps,DERIVED,OK,"track1_aggregate_per_rep.csv, mode=st-to-st, std(total_gbps)",,,
5.2.table2,sec5_2_table2_ststst_perpair_mean_gbps,86.2,Gbps,DERIVED,OK,"track1_st_to_st_per_pair.csv, mean(mean_gbps) across 16 pairs",,,
5.2.table2,sec5_2_table2_ststst_retransmits,199,count,DERIVED,OK,"track1_aggregate_per_rep.csv, mode=st-to-st, mean(total_retransmits) rounded",,,
5.2.prose,sec5_2_prose_perpair_range_min_gbps,98.0,Gbps,DERIVED,OK,"track1_per_pair_per_pair.csv, min(mean_gbps)",,,
5.2.prose,sec5_2_prose_perpair_range_max_gbps,112.7,Gbps,DERIVED,OK,"track1_per_pair_per_pair.csv, max(mean_gbps)",,,
5.2.prose,sec5_2_prose_st04_bios_gbps,84,Gbps,NARRATIVE,NARRATIVE,pre-fix historical anomaly; not in current CSVs,,,
5.2.prose,sec5_2_prose_fullmesh_theoretical_pct,44.1,%,DERIVED,OK,canonical_fullmesh_total_gbps_mean / FM_THEORETICAL_GBPS,,,
5.2.prose,sec5_2_prose_fullmesh_degradation_mean_pct,79.5,%,DERIVED,OK,"track1_throughput_cross_mode.csv, mean(degradation_pct)",,,
5.2.prose,sec5_2_prose_fullmesh_degradation_min_pct,66.7,%,DERIVED,OK,"track1_throughput_cross_mode.csv, min(degradation_pct)",,,
5.2.prose,sec5_2_prose_fullmesh_degradation_max_pct,88.3,%,DERIVED,OK,"track1_throughput_cross_mode.csv, max(degradation_pct)",,,
5.2.prose,sec5_2_prose_ststst_theoretical_pct,86.2,%,DERIVED,OK,canonical_ststst_total_gbps_mean / STST_THEORETICAL_GBPS,,,
5.2.prose,sec5_2_prose_r750_perapp_min_gbps,319.8,Gbps,DERIVED,OK,"track1_st_to_st_per_app.csv, min(mean_total_gbps)",Per-app view (client side) min.,,
5.2.prose,sec5_2_prose_r750_perapp_max_gbps,359.3,Gbps,DERIVED,OK,"track1_st_to_st_per_app.csv, max(mean_total_gbps)",Per-app view (client side) max.,,
5.2.prose,sec5_2_prose_r750_perstore_min_gbps,339.2,Gbps,DERIVED,OK,"track1_st_to_st_per_storage.csv, min(mean_total_gbps)",Per-storage view (server side) min.,,
5.2.prose,sec5_2_prose_r750_perstore_max_gbps,352.3,Gbps,DERIVED,OK,"track1_st_to_st_per_storage.csv, max(mean_total_gbps)",Per-storage view (server side) max.,,
5.2.prose,sec5_2_prose_r750_perapp_pct_min,80.0,%,DERIVED,OK,canonical_r750_app_min_gbps / BOND_CAPACITY_GBPS,,,
5.2.prose,sec5_2_prose_r750_perapp_pct_max,89.8,%,DERIVED,OK,canonical_r750_app_max_gbps / BOND_CAPACITY_GBPS,,,
5.2.prose,sec5_2_prose_r6525_per_node_min_gbps,168.7,Gbps,DERIVED,OK,"track1_full_mesh_per_app.csv, min(mean_total_gbps)",,,
5.2.prose,sec5_2_prose_r6525_per_node_max_gbps,191.7,Gbps,DERIVED,OK,"track1_full_mesh_per_app.csv, max(mean_total_gbps)",,,
5.2.prose,sec5_2_prose_r6525_per_node_mean_gbps,176.3,Gbps,DERIVED,OK,"track1_full_mesh_per_app.csv, mean(mean_total_gbps)",,,
5.2.prose,sec5_2_prose_r6525_per_node_pct,44.1,%,DERIVED,OK,canonical_r6525_per_node_mean_gbps / BOND_CAPACITY_GBPS,,,
5.3.table3,sec5_3_table3_perpair_cv_mean,5.28,%,DIRECT,OK,"track1_throughput_raw.csv, mode=per-pair, mean(cv_pct)",,,
5.3.table3,sec5_3_table3_perpair_cv_worst,11.38,%,DIRECT,OK,"track1_throughput_raw.csv, mode=per-pair, max(cv_pct)",,,
5.3.table3,sec5_3_table3_stinbound_cv_mean,4.92,%,DIRECT,OK,"track1_throughput_raw.csv, mode=st-inbound, mean(cv_pct)",,,
5.3.table3,sec5_3_table3_stinbound_cv_worst,13.37,%,DIRECT,OK,"track1_throughput_raw.csv, mode=st-inbound, max(cv_pct)",,,
5.3.table3,sec5_3_table3_appoutbound_cv_mean,14.99,%,DIRECT,OK,"track1_throughput_raw.csv, mode=app-outbound, mean(cv_pct)",,,
5.3.table3,sec5_3_table3_appoutbound_cv_worst,44.56,%,DIRECT,OK,"track1_throughput_raw.csv, mode=app-outbound, max(cv_pct)",,,
5.3.table3,sec5_3_table3_fullmesh_cv_mean,14.06,%,DIRECT,OK,"track1_throughput_raw.csv, mode=full-mesh, mean(cv_pct)",,,
5.3.table3,sec5_3_table3_fullmesh_cv_worst,44.47,%,DIRECT,OK,"track1_throughput_raw.csv, mode=full-mesh, max(cv_pct)",,,
5.3.table3,sec5_3_table3_sttost_cv_mean,2.75,%,DIRECT,OK,"track1_throughput_raw.csv, mode=st-to-st, mean(cv_pct)",,,
5.3.table3,sec5_3_table3_sttost_cv_worst,4.42,%,DIRECT,OK,"track1_throughput_raw.csv, mode=st-to-st, max(cv_pct)",,,
5.3.prose,sec5_3_prose_60s_regime_change,,narrative,NARRATIVE,NARRATIVE,"Figure 5 panel 3 observation; qualitative claim, not a CSV cell",,,
5.4.table4,sec5_4_table4_perpair_streamcv_mean,9.59,%,DIRECT,OK,"track1_throughput_raw.csv, mode=per-pair, mean(stream_cv_pct)",,,
5.4.table4,sec5_4_table4_perpair_streamcv_worst,20.97,%,DIRECT,OK,"track1_throughput_raw.csv, mode=per-pair, max(stream_cv_pct)",,,
5.4.table4,sec5_4_table4_stinbound_streamcv_mean,13.19,%,DIRECT,OK,"track1_throughput_raw.csv, mode=st-inbound, mean(stream_cv_pct)",,,
5.4.table4,sec5_4_table4_stinbound_streamcv_worst,37.68,%,DIRECT,OK,"track1_throughput_raw.csv, mode=st-inbound, max(stream_cv_pct)",,,
5.4.table4,sec5_4_table4_sttost_streamcv_mean,22.84,%,DIRECT,OK,"track1_throughput_raw.csv, mode=st-to-st, mean(stream_cv_pct)",,,
5.4.table4,sec5_4_table4_sttost_streamcv_worst,42.22,%,DIRECT,OK,"track1_throughput_raw.csv, mode=st-to-st, max(stream_cv_pct)",,,
5.4.table4,sec5_4_table4_appoutbound_streamcv_mean,76.55,%,DIRECT,OK,"track1_throughput_raw.csv, mode=app-outbound, mean(stream_cv_pct)",,,
5.4.table4,sec5_4_table4_appoutbound_streamcv_worst,132.84,%,DIRECT,OK,"track1_throughput_raw.csv, mode=app-outbound, max(stream_cv_pct)",,,
5.4.table4,sec5_4_table4_fullmesh_streamcv_mean,93.28,%,DIRECT,OK,"track1_throughput_raw.csv, mode=full-mesh, mean(stream_cv_pct)",,,
5.4.table4,sec5_4_table4_fullmesh_streamcv_worst,162.69,%,DIRECT,OK,"track1_throughput_raw.csv, mode=full-mesh, max(stream_cv_pct)",,,
5.4.prose,sec5_4_prose_perpair_stream_gbps_approx,13.4,Gbps,DERIVED,OK,mean(perpair_mean_gbps) / N_PARALLEL_STREAMS,,,
5.4.prose,sec5_4_prose_fullmesh_stream_range_qualitative,some streams carry 5-6 Gbps while others receive less than 1 Gbps,narrative,NARRATIVE,NARRATIVE,"track1_per_stream.csv, mode=full-mesh; qualitative summary of distribution",,,
5.5.table5,sec5_5_table5_perpair_cpu_mean,246.9,%,DIRECT,OK,"track1_throughput_raw.csv, mode=per-pair, mean(host_cpu_total)",,,
5.5.table5,sec5_5_table5_perpair_cpu_std,29.2,%,DIRECT,OK,"track1_throughput_raw.csv, mode=per-pair, std(host_cpu_total)",,,
5.5.table5,sec5_5_table5_stinbound_cpu_mean,228.8,%,DIRECT,OK,"track1_throughput_raw.csv, mode=st-inbound, mean(host_cpu_total)",,,
5.5.table5,sec5_5_table5_stinbound_cpu_std,35.6,%,DIRECT,OK,"track1_throughput_raw.csv, mode=st-inbound, std(host_cpu_total)",,,
5.5.table5,sec5_5_table5_sttost_cpu_mean,54.7,%,DIRECT,OK,"track1_throughput_raw.csv, mode=st-to-st, mean(host_cpu_total)",,,
5.5.table5,sec5_5_table5_sttost_cpu_std,7.7,%,DIRECT,OK,"track1_throughput_raw.csv, mode=st-to-st, std(host_cpu_total)",,,
5.5.table5,sec5_5_table5_appoutbound_cpu_mean,38.3,%,DIRECT,OK,"track1_throughput_raw.csv, mode=app-outbound, mean(host_cpu_total)",,,
5.5.table5,sec5_5_table5_appoutbound_cpu_std,15.3,%,DIRECT,OK,"track1_throughput_raw.csv, mode=app-outbound, std(host_cpu_total)",,,
5.5.table5,sec5_5_table5_fullmesh_cpu_mean,39.1,%,DIRECT,OK,"track1_throughput_raw.csv, mode=full-mesh, mean(host_cpu_total)",,,
5.5.table5,sec5_5_table5_fullmesh_cpu_std,15.8,%,DIRECT,OK,"track1_throughput_raw.csv, mode=full-mesh, std(host_cpu_total)",,,
5.5.table5,sec5_5_table5_perpair_throughput_per_node,856.8,Gbps,DERIVED,OK,"track1_per_pair_per_app.csv, mean(mean_total_gbps)",,,
5.5.table5,sec5_5_table5_stinbound_throughput_per_node,819.3,Gbps,DERIVED,OK,"track1_st_inbound_per_app.csv, mean(mean_total_gbps)",,,
5.5.table5,sec5_5_table5_ststst_throughput_per_node,344.6,Gbps,DERIVED,OK,"track1_st_to_st_per_app.csv, mean(mean_total_gbps)",,,
5.5.table5,sec5_5_table5_appoutbound_throughput_per_node,174.3,Gbps,DERIVED,OK,"track1_app_outbound_per_app.csv, mean(mean_total_gbps)",,,
5.5.table5,sec5_5_table5_fullmesh_throughput_per_node,176.3,Gbps,DERIVED,OK,"track1_full_mesh_per_app.csv, mean(mean_total_gbps); same as canonical_r6525_per_node_mean_gbps",,,
5.5.prose,sec5_5_prose_r6525_nps,4,count,CONFIG,CONFIG,hardware configuration: NPS=4 on R6525,,,
5.5.prose,sec5_5_prose_r6525_numa_nodes_total,8,count,CONFIG,CONFIG,2 sockets x NPS=4,,,
5.5.prose,sec5_5_prose_r6525_numa_nodes_populated,2,count,CONFIG,CONFIG,only 1 DIMM per socket populated on the current R6525 configuration,,,
5.5.prose,sec5_5_prose_r6525_memory_bw_gbps,51.2,GB/s,CONFIG,CONFIG,2 x DDR4-3200 channels at 25.6 GB/s each,,,
5.5.prose,sec5_5_prose_r6525_43pct_bond,44.1,%,DERIVED,OK,canonical_r6525_per_node_pct,,,
5.5.prose,sec5_5_prose_r750_memory_bw_gbps,307.2,GB/s,CONFIG,CONFIG,12 x DDR4-3200 channels at 25.6 GB/s each,,,
5.5.prose,sec5_5_prose_r750_86pct_bond,86.2,%,DERIVED,OK,canonical_ststst_pct_of_theoretical (86% of 1600 theoretical),,,
5.5.table5a,sec5_5_table5a_r7615_memory_bw_gbps,153.6,GB/s,CONFIG,CONFIG,4 x DDR5-4800 channels at 38.4 GB/s each,,,
5.5.table5b,sec5_5_table5b_r7625_cpu_model,AMD EPYC 9634,narrative,CONFIG,CONFIG,config: R7625_CPU_MODEL; per datacenter_info/server_pool.md r04-rds02 block,,,
5.5.table5b,sec5_5_table5b_r7625_cpu_sockets,2,count,CONFIG,CONFIG,config: R7625_CPU_SOCKETS,,,
5.5.table5b,sec5_5_table5b_r7625_cpu_cores_total,168,count,CONFIG,CONFIG,config: R7625_CPU_CORES_TOTAL (2 sockets x 84 cores),,,
5.5.table5b,sec5_5_table5b_r7625_memory_total_gib,1536,GiB,CONFIG,CONFIG,config: R7625_MEMORY_TOTAL_GIB (24 x 64 GiB DDR5-4800),,,
5.5.table5b,sec5_5_table5b_r7625_dimms_populated,24,count,CONFIG,CONFIG,config: R7625_DIMMS_POPULATED,,,
5.5.table5b,sec5_5_table5b_r7625_channels_populated,24,count,CONFIG,CONFIG,config: R7625_CHANNELS_POPULATED (12 channels/socket x 2 sockets),,,
5.5.table5b,sec5_5_table5b_r7625_memory_bw_gbps,921.6,GB/s,CONFIG,CONFIG,24 x DDR5-4800 channels at 38.4 GB/s each,,,
5.5.table5b,sec5_5_table5b_r7625_bond_capacity_gbps,400,Gbps,CONFIG,CONFIG,config: BOND_CAPACITY_GBPS (shared across all hosts in the testbed),,,
5.5.prose,sec5_5_prose_r7625_fanout_aggregate_gbps_mean,377.8,Gbps,DERIVED,OK,"track1_rds02_fanout_per_app.csv, mean_total_gbps (sum across 8 targets per rep, mean across 3 reps)",,,
5.5.prose,sec5_5_prose_r7625_fanout_aggregate_gbps_std,5.9,Gbps,DERIVED,OK,"track1_rds02_fanout_per_app.csv, std_total_gbps",,,
5.5.prose,sec5_5_prose_r7625_fanout_pct_of_bond,94.5,%,DERIVED,OK,canonical_rds02_fanout_aggregate_gbps_mean / BOND_CAPACITY_GBPS,,,
5.5.prose,sec5_5_prose_r7625_fanout_target_mean_gbps,47.2,Gbps,DERIVED,OK,"track1_rds02_fanout_per_pair.csv, mean(mean_gbps) across 8 targets",,,
5.5.prose,sec5_5_prose_r7625_fanout_target_min_gbps,43.7,Gbps,DERIVED,OK,"track1_rds02_fanout_per_pair.csv, min(mean_gbps) across 8 targets",,,
5.5.prose,sec5_5_prose_r7625_fanout_target_max_gbps,49.0,Gbps,DERIVED,OK,"track1_rds02_fanout_per_pair.csv, max(mean_gbps) across 8 targets",,,
5.5.prose,sec5_5_prose_r7625_fanout_target_cv_pct,3.92,%,DERIVED,OK,std(per_target_mean_gbps) / mean(per_target_mean_gbps) * 100 across 8 targets,,,
5.5.prose,sec5_5_prose_r7625_fanout_total_retransmits,3,count,DERIVED,OK,"track1_rds02_fanout_per_app.csv, mean_retransmits rounded",,,
5.6.table6,sec5_6_table6_idle_mean_ms,0.053,ms,DIRECT,OK,"track1_latency_by_condition.csv, condition=idle, overall_mean_ms",,,
5.6.table6,sec5_6_table6_idle_p95_ms,0.075,ms,DIRECT,OK,"track1_latency_by_condition.csv, condition=idle, overall_p95_ms",,,
5.6.table6,sec5_6_table6_idle_max_ms,0.84,ms,DIRECT,OK,"track1_latency_by_condition.csv, condition=idle, worst_max_ms",,,
5.6.table6,sec5_6_table6_50pct_mean_ms,0.047,ms,DIRECT,OK,"track1_latency_by_condition.csv, condition=50pct, overall_mean_ms",,,
5.6.table6,sec5_6_table6_50pct_p95_ms,0.081,ms,DIRECT,OK,"track1_latency_by_condition.csv, condition=50pct, overall_p95_ms",,,
5.6.table6,sec5_6_table6_50pct_max_ms,4.67,ms,DIRECT,OK,"track1_latency_by_condition.csv, condition=50pct, worst_max_ms",,,
5.6.table6,sec5_6_table6_100pct_mean_ms,0.072,ms,DIRECT,OK,"track1_latency_by_condition.csv, condition=100pct, overall_mean_ms",,,
5.6.table6,sec5_6_table6_100pct_p95_ms,0.173,ms,DIRECT,OK,"track1_latency_by_condition.csv, condition=100pct, overall_p95_ms",,,
5.6.table6,sec5_6_table6_100pct_max_ms,2.59,ms,DIRECT,OK,"track1_latency_by_condition.csv, condition=100pct, worst_max_ms",,,
5.7.prose,sec5_7_prose_total_rx_errors,3,count,DIRECT,OK,"track1_packet_loss_summary.csv, sum(total_rx_errors)",,,
5.7.prose,sec5_7_prose_total_tx_errors,0,count,DIRECT,OK,"track1_packet_loss_summary.csv, sum(total_tx_errors)",,,
5.7.prose,sec5_7_prose_total_errors,3,count,DERIVED,OK,sum of rx + tx errors across all hosts (campaign total),,,
5.7.prose,sec5_7_prose_packets_per_run,5.293359388e9,count,DERIVED,OK,"track1_packet_loss_summary.csv, sum(mean_rx_packets) + sum(mean_tx_packets)",Mean packets transported by the fabric in a single benchmark rep.,,
5.7.prose,sec5_7_prose_n_reps_packetloss,3,count,DIRECT,OK,"track1_packet_loss_summary.csv, n_reps column (uniform across hosts)",Number of benchmark reps aggregated by the packet-loss summary.,,
5.7.prose,sec5_7_prose_total_packets_campaign,1.5880078163e10,count,DERIVED,OK,canonical_packets_per_run * canonical_n_reps_packetloss,Campaign-total packet count; denominator for the error-rate claim.,,
5.7.prose,sec5_7_prose_error_rate,1.889159467105074e-10,ratio,DERIVED,OK,canonical_total_errors / canonical_total_packets (campaign-wide),,,
5.8.table7,sec5_8_table7_scenario1_description,Single link failure on a storage node (1 port to one switch): LACP renegotiates; throughput recovers automatically at reduced capacity.,narrative,NARRATIVE,NARRATIVE,qualitative description of fault-tolerance behaviour,,,
5.8.table7,sec5_8_table7_scenario2_description,Symmetric dual link failure (one link per switch): LACP renegotiates via surviving ports; throughput recovers automatically at reduced capacity.,narrative,NARRATIVE,NARRATIVE,qualitative description of fault-tolerance behaviour,,,
5.8.table7,sec5_8_table7_scenario3_description,Asymmetric dual link failure (two links to the same switch): recovery is markedly slower than scenarios 1 and 2 but completes at reduced capacity.,narrative,NARRATIVE,NARRATIVE,qualitative description of fault-tolerance behaviour,,,
5.8.table7,sec5_8_table7_scenario4_description,Three links disconnected (one port remaining): node remains reachable via the surviving port but operates at 1/4 bond capacity.,narrative,NARRATIVE,NARRATIVE,qualitative description,,,
5.8.table7,sec5_8_table7_scenario5_description,Full switch disconnect (both ports to one switch): node is isolated when combined with any failure on the other switch; the 4-port bond tolerates up to 2 link failures per node distributed across both switches.,narrative,NARRATIVE,NARRATIVE,qualitative description,,,
5.8.prose,sec5_8_prose_recovery_qualitative,Automatic recovery from single-component failures via LACP bond renegotiation; multi-component failures exceeding the designed redundancy envelope isolate the affected node.,narrative,NARRATIVE,NARRATIVE,qualitative description of recovery behaviour,,,
5.9.summary,sec5_9_summary_ststst_pct,86.2,%,DERIVED,OK,canonical_ststst_pct_of_theoretical,,,
5.9.summary,sec5_9_summary_fullmesh_gbps,529.0,Gbps,DERIVED,OK,canonical_fullmesh_total_gbps_mean,,,
6.2.table8,sec6_2_table8_4mib_put_mean_mibs,5576,MiB/s,DIRECT,OK,"track2_summary.csv, experiment=single, operation=PUT, rate=100gbps, size=4MiB, mean_mibs",,,
6.2.table8,sec6_2_table8_4mib_put_std_mibs,121,MiB/s,DIRECT,OK,"track2_summary.csv, experiment=single, operation=PUT, rate=100gbps, size=4MiB, std_mibs",,,
6.2.table8,sec6_2_table8_4mib_put_gbps,46.8,Gbps,DIRECT,OK,"track2_summary.csv, experiment=single, operation=PUT, rate=100gbps, size=4MiB, mean_gbps",,,
6.2.table8,sec6_2_table8_4mib_get_mean_mibs,9966,MiB/s,DIRECT,OK,"track2_summary.csv, experiment=single, operation=GET, rate=100gbps, size=4MiB, mean_mibs",,,
6.2.table8,sec6_2_table8_4mib_get_std_mibs,296,MiB/s,DIRECT,OK,"track2_summary.csv, experiment=single, operation=GET, rate=100gbps, size=4MiB, std_mibs",,,
6.2.table8,sec6_2_table8_4mib_get_gbps,83.6,Gbps,DIRECT,OK,"track2_summary.csv, experiment=single, operation=GET, rate=100gbps, size=4MiB, mean_gbps",,,
6.2.table8,sec6_2_table8_64mib_put_mean_mibs,7099,MiB/s,DIRECT,OK,"track2_summary.csv, experiment=single, operation=PUT, rate=100gbps, size=64MiB, mean_mibs",,,
6.2.table8,sec6_2_table8_64mib_put_std_mibs,223,MiB/s,DIRECT,OK,"track2_summary.csv, experiment=single, operation=PUT, rate=100gbps, size=64MiB, std_mibs",,,
6.2.table8,sec6_2_table8_64mib_put_gbps,59.6,Gbps,DIRECT,OK,"track2_summary.csv, experiment=single, operation=PUT, rate=100gbps, size=64MiB, mean_gbps",,,
6.2.table8,sec6_2_table8_64mib_get_mean_mibs,10019,MiB/s,DIRECT,OK,"track2_summary.csv, experiment=single, operation=GET, rate=100gbps, size=64MiB, mean_mibs",,,
6.2.table8,sec6_2_table8_64mib_get_std_mibs,895,MiB/s,DIRECT,OK,"track2_summary.csv, experiment=single, operation=GET, rate=100gbps, size=64MiB, std_mibs",,,
6.2.table8,sec6_2_table8_64mib_get_gbps,84.0,Gbps,DIRECT,OK,"track2_summary.csv, experiment=single, operation=GET, rate=100gbps, size=64MiB, mean_gbps",,,
6.2.table8,sec6_2_table8_512mib_put_mean_mibs,7369,MiB/s,DIRECT,OK,"track2_summary.csv, experiment=single, operation=PUT, rate=100gbps, size=512MiB, mean_mibs",,,
6.2.table8,sec6_2_table8_512mib_put_std_mibs,116,MiB/s,DIRECT,OK,"track2_summary.csv, experiment=single, operation=PUT, rate=100gbps, size=512MiB, std_mibs",,,
6.2.table8,sec6_2_table8_512mib_put_gbps,61.8,Gbps,DIRECT,OK,"track2_summary.csv, experiment=single, operation=PUT, rate=100gbps, size=512MiB, mean_gbps",,,
6.2.table8,sec6_2_table8_512mib_get_mean_mibs,10444,MiB/s,DIRECT,OK,"track2_summary.csv, experiment=single, operation=GET, rate=100gbps, size=512MiB, mean_mibs",,,
6.2.table8,sec6_2_table8_512mib_get_std_mibs,212,MiB/s,DIRECT,OK,"track2_summary.csv, experiment=single, operation=GET, rate=100gbps, size=512MiB, std_mibs",,,
6.2.table8,sec6_2_table8_512mib_get_gbps,87.6,Gbps,DIRECT,OK,"track2_summary.csv, experiment=single, operation=GET, rate=100gbps, size=512MiB, mean_gbps",,,
6.2.table8,sec6_2_table8_2gib_put_mean_mibs,7288,MiB/s,DIRECT,OK,"track2_summary.csv, experiment=single, operation=PUT, rate=100gbps, size=2GiB, mean_mibs",,,
6.2.table8,sec6_2_table8_2gib_put_std_mibs,118,MiB/s,DIRECT,OK,"track2_summary.csv, experiment=single, operation=PUT, rate=100gbps, size=2GiB, std_mibs",,,
6.2.table8,sec6_2_table8_2gib_put_gbps,61.1,Gbps,DIRECT,OK,"track2_summary.csv, experiment=single, operation=PUT, rate=100gbps, size=2GiB, mean_gbps",,,
6.2.table8,sec6_2_table8_2gib_get_mean_mibs,9998,MiB/s,DIRECT,OK,"track2_summary.csv, experiment=single, operation=GET, rate=100gbps, size=2GiB, mean_mibs",,,
6.2.table8,sec6_2_table8_2gib_get_std_mibs,891,MiB/s,DIRECT,OK,"track2_summary.csv, experiment=single, operation=GET, rate=100gbps, size=2GiB, std_mibs",,,
6.2.table8,sec6_2_table8_2gib_get_gbps,83.9,Gbps,DIRECT,OK,"track2_summary.csv, experiment=single, operation=GET, rate=100gbps, size=2GiB, mean_gbps",,,
6.3.table9,sec6_3_table9_4mib_put_mean_mibs,13218,MiB/s,DIRECT,OK,"track2_summary.csv, experiment=distributed, operation=PUT, rate=100gbps, size=4MiB, mean_mibs",,,
6.3.table9,sec6_3_table9_4mib_put_std_mibs,57,MiB/s,DIRECT,OK,"track2_summary.csv, experiment=distributed, operation=PUT, rate=100gbps, size=4MiB, std_mibs",,,
6.3.table9,sec6_3_table9_4mib_put_gbps,110.9,Gbps,DIRECT,OK,"track2_summary.csv, experiment=distributed, operation=PUT, rate=100gbps, size=4MiB, mean_gbps",,,
6.3.table9,sec6_3_table9_4mib_get_mean_mibs,18217,MiB/s,DIRECT,OK,"track2_summary.csv, experiment=distributed, operation=GET, rate=100gbps, size=4MiB, mean_mibs",,,
6.3.table9,sec6_3_table9_4mib_get_std_mibs,164,MiB/s,DIRECT,OK,"track2_summary.csv, experiment=distributed, operation=GET, rate=100gbps, size=4MiB, std_mibs",,,
6.3.table9,sec6_3_table9_4mib_get_gbps,152.8,Gbps,DIRECT,OK,"track2_summary.csv, experiment=distributed, operation=GET, rate=100gbps, size=4MiB, mean_gbps",,,
6.3.table9,sec6_3_table9_64mib_put_mean_mibs,16092,MiB/s,DIRECT,OK,"track2_summary.csv, experiment=distributed, operation=PUT, rate=100gbps, size=64MiB, mean_mibs",,,
6.3.table9,sec6_3_table9_64mib_put_std_mibs,168,MiB/s,DIRECT,OK,"track2_summary.csv, experiment=distributed, operation=PUT, rate=100gbps, size=64MiB, std_mibs",,,
6.3.table9,sec6_3_table9_64mib_put_gbps,135.0,Gbps,DIRECT,OK,"track2_summary.csv, experiment=distributed, operation=PUT, rate=100gbps, size=64MiB, mean_gbps",,,
6.3.table9,sec6_3_table9_64mib_get_mean_mibs,18867,MiB/s,DIRECT,OK,"track2_summary.csv, experiment=distributed, operation=GET, rate=100gbps, size=64MiB, mean_mibs",,,
6.3.table9,sec6_3_table9_64mib_get_std_mibs,520,MiB/s,DIRECT,OK,"track2_summary.csv, experiment=distributed, operation=GET, rate=100gbps, size=64MiB, std_mibs",,,
6.3.table9,sec6_3_table9_64mib_get_gbps,158.3,Gbps,DIRECT,OK,"track2_summary.csv, experiment=distributed, operation=GET, rate=100gbps, size=64MiB, mean_gbps",,,
6.3.table9,sec6_3_table9_512mib_put_mean_mibs,15954,MiB/s,DIRECT,OK,"track2_summary.csv, experiment=distributed, operation=PUT, rate=100gbps, size=512MiB, mean_mibs",,,
6.3.table9,sec6_3_table9_512mib_put_std_mibs,268,MiB/s,DIRECT,OK,"track2_summary.csv, experiment=distributed, operation=PUT, rate=100gbps, size=512MiB, std_mibs",,,
6.3.table9,sec6_3_table9_512mib_put_gbps,133.8,Gbps,DIRECT,OK,"track2_summary.csv, experiment=distributed, operation=PUT, rate=100gbps, size=512MiB, mean_gbps",,,
6.3.table9,sec6_3_table9_512mib_get_mean_mibs,17946,MiB/s,DIRECT,OK,"track2_summary.csv, experiment=distributed, operation=GET, rate=100gbps, size=512MiB, mean_mibs",,,
6.3.table9,sec6_3_table9_512mib_get_std_mibs,531,MiB/s,DIRECT,OK,"track2_summary.csv, experiment=distributed, operation=GET, rate=100gbps, size=512MiB, std_mibs",,,
6.3.table9,sec6_3_table9_512mib_get_gbps,150.5,Gbps,DIRECT,OK,"track2_summary.csv, experiment=distributed, operation=GET, rate=100gbps, size=512MiB, mean_gbps",,,
6.3.table9,sec6_3_table9_2gib_put_mean_mibs,16544,MiB/s,DIRECT,OK,"track2_summary.csv, experiment=distributed, operation=PUT, rate=100gbps, size=2GiB, mean_mibs",,,
6.3.table9,sec6_3_table9_2gib_put_std_mibs,343,MiB/s,DIRECT,OK,"track2_summary.csv, experiment=distributed, operation=PUT, rate=100gbps, size=2GiB, std_mibs",,,
6.3.table9,sec6_3_table9_2gib_put_gbps,138.8,Gbps,DIRECT,OK,"track2_summary.csv, experiment=distributed, operation=PUT, rate=100gbps, size=2GiB, mean_gbps",,,
6.3.table9,sec6_3_table9_2gib_get_mean_mibs,17287,MiB/s,DIRECT,OK,"track2_summary.csv, experiment=distributed, operation=GET, rate=100gbps, size=2GiB, mean_mibs",,,
6.3.table9,sec6_3_table9_2gib_get_std_mibs,1800,MiB/s,DIRECT,OK,"track2_summary.csv, experiment=distributed, operation=GET, rate=100gbps, size=2GiB, std_mibs",,,
6.3.table9,sec6_3_table9_2gib_get_gbps,145.0,Gbps,DIRECT,OK,"track2_summary.csv, experiment=distributed, operation=GET, rate=100gbps, size=2GiB, mean_gbps",,,
6.3.table9,sec6_3_table9_footnote_n_reps_effective,3,count,DIRECT,OK,"track2_summary.csv, distributed/GET/100gbps/512MiB, n_reps_effective",,,
6.3.table9,sec6_3_table9_footnote_n_reps_original,3,count,DIRECT,OK,"track2_summary.csv, distributed/GET/100gbps/512MiB, n_reps_original",,,
6.3.table9,sec6_3_table9_footnote_excluded_reps,0,count,DIRECT,OK,"track2_summary.csv, distributed/GET/100gbps/512MiB",,,
6.3.prose,sec6_3_prose_put_scaling_4mib,2.37,x,DERIVED,OK,distributed 4 MiB PUT mean_mibs / single 4 MiB PUT mean_mibs,,,
6.3.prose,sec6_3_prose_put_scaling_512mib,2.16,x,DERIVED,OK,distributed 512 MiB PUT mean_mibs / single 512 MiB PUT mean_mibs,,,
6.3.prose,sec6_3_prose_st06_pre_fix_mibs,137,MiB/s,NARRATIVE,NARRATIVE,pre-SACK-fix historical anomaly; not in current CSVs,,,
6.3.prose,sec6_3_prose_st06_other_nodes_min_mibs,2500,MiB/s,NARRATIVE,NARRATIVE,pre-SACK-fix historical anecdote; qualitative lower bound,,,
6.3.prose,sec6_3_prose_st06_other_nodes_max_mibs,3200,MiB/s,NARRATIVE,NARRATIVE,pre-SACK-fix historical anecdote; qualitative upper bound,,,
6.3.prose,sec6_3_prose_st06_post_fix_min_mibs,2214,MiB/s,DERIVED,OK,"track2_distributed_get_per_host.csv, host=st06, min mean_mibs across 4/64/512 MiB",,,
6.3.prose,sec6_3_prose_st06_post_fix_max_mibs,2414,MiB/s,DERIVED,OK,"track2_distributed_get_per_host.csv, host=st06, max mean_mibs across 4/64/512 MiB",,,
6.3.prose,sec6_3_prose_put_spread_4mib_pct,0.6,%,DERIVED,OK,"track2_distributed_put_per_host.csv, size=4MiB, (max-min)/min * 100",,,
6.3.prose,sec6_3_prose_put_spread_64mib_pct,8.8,%,DERIVED,OK,"track2_distributed_put_per_host.csv, size=64MiB, (max-min)/min * 100",,,
6.3.prose,sec6_3_prose_put_spread_512mib_pct,6.9,%,DERIVED,OK,"track2_distributed_put_per_host.csv, size=512MiB, (max-min)/min * 100",,,
6.3.prose,sec6_3_prose_put_spread_2gib_pct,3.8,%,DERIVED,OK,"track2_distributed_put_per_host.csv, size=2GiB, (max-min)/min * 100",,,
6.3.prose,sec6_3_prose_get_spread_4mib_pct,12.4,%,DERIVED,OK,"track2_distributed_get_per_host.csv, size=4MiB, (max-min)/min * 100",,,
6.3.prose,sec6_3_prose_get_spread_64mib_pct,17.3,%,DERIVED,OK,"track2_distributed_get_per_host.csv, size=64MiB, (max-min)/min * 100",,,
6.3.prose,sec6_3_prose_get_spread_512mib_pct,19.5,%,DERIVED,OK,"track2_distributed_get_per_host.csv, size=512MiB, (max-min)/min * 100",,,
6.3.prose,sec6_3_prose_get_spread_2gib_pct,7.3,%,DERIVED,OK,"track2_distributed_get_per_host.csv, size=2GiB, (max-min)/min * 100",,,
6.3.prose,sec6_3_prose_get_spread_range_min_pct,7,%,DERIVED,OK,min of GET spread across all four object sizes (no exclusions),,,
6.3.prose,sec6_3_prose_get_spread_range_max_pct,20,%,DERIVED,OK,max of GET spread across all four object sizes (no exclusions),,,
6.3.prose,sec6_3_prose_put_spread_range_min_pct,4,%,DERIVED,OK,min of 64 MiB / 512 MiB / 2 GiB PUT spread (4 MiB excluded: 'near-uniform'),,,
6.3.prose,sec6_3_prose_put_spread_range_max_pct,9,%,DERIVED,OK,max of 64 MiB / 512 MiB / 2 GiB PUT spread (4 MiB excluded: 'near-uniform'),,,
6.4.table10,sec6_4_table10_4mib_put_mean_mibs,4614,MiB/s,DIRECT,OK,"track2_mixed_per_op.csv, size=4MiB, op_type=PUT, mean_mibs",,,
6.4.table10,sec6_4_table10_4mib_put_std_mibs,126,MiB/s,DIRECT,OK,"track2_mixed_per_op.csv, size=4MiB, op_type=PUT, std_mibs",,,
6.4.table10,sec6_4_table10_4mib_get_mean_mibs,13838,MiB/s,DIRECT,OK,"track2_mixed_per_op.csv, size=4MiB, op_type=GET, mean_mibs",,,
6.4.table10,sec6_4_table10_4mib_get_std_mibs,373,MiB/s,DIRECT,OK,"track2_mixed_per_op.csv, size=4MiB, op_type=GET, std_mibs",,,
6.4.table10,sec6_4_table10_4mib_combined_mibs,18453,MiB/s,DERIVED,OK,"track2_mixed_per_op.csv, size=4MiB, sum of GET and PUT mean_mibs",,,
6.4.table10,sec6_4_table10_4mib_get_put_ratio,3.0,x,DERIVED,OK,"track2_mixed_per_op.csv, size=4MiB, GET mean_mibs / PUT mean_mibs",,,
6.4.table10,sec6_4_table10_512mib_put_mean_mibs,4785,MiB/s,DIRECT,OK,"track2_mixed_per_op.csv, size=512MiB, op_type=PUT, mean_mibs",,,
6.4.table10,sec6_4_table10_512mib_put_std_mibs,126,MiB/s,DIRECT,OK,"track2_mixed_per_op.csv, size=512MiB, op_type=PUT, std_mibs",,,
6.4.table10,sec6_4_table10_512mib_get_mean_mibs,14300,MiB/s,DIRECT,OK,"track2_mixed_per_op.csv, size=512MiB, op_type=GET, mean_mibs",,,
6.4.table10,sec6_4_table10_512mib_get_std_mibs,358,MiB/s,DIRECT,OK,"track2_mixed_per_op.csv, size=512MiB, op_type=GET, std_mibs",,,
6.4.table10,sec6_4_table10_512mib_combined_mibs,19085,MiB/s,DERIVED,OK,"track2_mixed_per_op.csv, size=512MiB, sum of GET and PUT mean_mibs",,,
6.4.table10,sec6_4_table10_512mib_get_put_ratio,2.99,x,DERIVED,OK,"track2_mixed_per_op.csv, size=512MiB, GET mean_mibs / PUT mean_mibs",,,
6.5.table11,sec6_5_table11_4mib_put_10g_mean_mibs,2331,MiB/s,DIRECT,OK,"track2_summary.csv, experiment=throttled, operation=PUT, rate=10gbps, size=4MiB, mean_mibs",,,
6.5.table11,sec6_5_table11_4mib_put_1g_mean_mibs,233,MiB/s,DIRECT,OK,"track2_summary.csv, experiment=throttled, operation=PUT, rate=1gbps, size=4MiB, mean_mibs",,,
6.5.table11,sec6_5_table11_4mib_get_10g_mean_mibs,2291,MiB/s,DIRECT,OK,"track2_summary.csv, experiment=throttled, operation=GET, rate=10gbps, size=4MiB, mean_mibs",,,
6.5.table11,sec6_5_table11_4mib_get_1g_mean_mibs,219,MiB/s,DIRECT,OK,"track2_summary.csv, experiment=throttled, operation=GET, rate=1gbps, size=4MiB, mean_mibs",,,
6.5.table11,sec6_5_table11_64mib_put_10g_mean_mibs,2330,MiB/s,DIRECT,OK,"track2_summary.csv, experiment=throttled, operation=PUT, rate=10gbps, size=64MiB, mean_mibs",,,
6.5.table11,sec6_5_table11_64mib_put_1g_mean_mibs,233,MiB/s,DIRECT,OK,"track2_summary.csv, experiment=throttled, operation=PUT, rate=1gbps, size=64MiB, mean_mibs",,,
6.5.table11,sec6_5_table11_64mib_get_10g_mean_mibs,2306,MiB/s,DIRECT,OK,"track2_summary.csv, experiment=throttled, operation=GET, rate=10gbps, size=64MiB, mean_mibs",,,
6.5.table11,sec6_5_table11_64mib_get_1g_mean_mibs,229,MiB/s,DIRECT,OK,"track2_summary.csv, experiment=throttled, operation=GET, rate=1gbps, size=64MiB, mean_mibs",,,
6.5.table11,sec6_5_table11_512mib_put_10g_mean_mibs,2334,MiB/s,DIRECT,OK,"track2_summary.csv, experiment=throttled, operation=PUT, rate=10gbps, size=512MiB, mean_mibs",,,
6.5.table11,sec6_5_table11_512mib_put_1g_mean_mibs,232,MiB/s,DIRECT,OK,"track2_summary.csv, experiment=throttled, operation=PUT, rate=1gbps, size=512MiB, mean_mibs",,,
6.5.table11,sec6_5_table11_512mib_get_10g_mean_mibs,2347,MiB/s,DIRECT,OK,"track2_summary.csv, experiment=throttled, operation=GET, rate=10gbps, size=512MiB, mean_mibs",,,
6.5.table11,sec6_5_table11_512mib_get_1g_mean_mibs,226,MiB/s,DIRECT,OK,"track2_summary.csv, experiment=throttled, operation=GET, rate=1gbps, size=512MiB, mean_mibs",,,
6.5.table11,sec6_5_table11_4mib_put_10g_pct_of_100g,17.6,%,DERIVED,OK,throttled/10gbps/4MiB/PUT mean_mibs / distributed/100gbps/4MiB/PUT mean_mibs,,,
6.5.table11,sec6_5_table11_4mib_put_1g_pct_of_100g,1.8,%,DERIVED,OK,throttled/1gbps/4MiB/PUT mean_mibs / distributed/100gbps/4MiB/PUT mean_mibs,,,
6.5.table11,sec6_5_table11_4mib_get_10g_pct_of_100g,12.6,%,DERIVED,OK,throttled/10gbps/4MiB/GET mean_mibs / distributed/100gbps/4MiB/GET mean_mibs,,,
6.5.table11,sec6_5_table11_4mib_get_1g_pct_of_100g,1.2,%,DERIVED,OK,throttled/1gbps/4MiB/GET mean_mibs / distributed/100gbps/4MiB/GET mean_mibs,,,
6.5.table11,sec6_5_table11_64mib_put_10g_pct_of_100g,14.5,%,DERIVED,OK,throttled/10gbps/64MiB/PUT mean_mibs / distributed/100gbps/64MiB/PUT mean_mibs,,,
6.5.table11,sec6_5_table11_64mib_put_1g_pct_of_100g,1.4,%,DERIVED,OK,throttled/1gbps/64MiB/PUT mean_mibs / distributed/100gbps/64MiB/PUT mean_mibs,,,
6.5.table11,sec6_5_table11_64mib_get_10g_pct_of_100g,12.2,%,DERIVED,OK,throttled/10gbps/64MiB/GET mean_mibs / distributed/100gbps/64MiB/GET mean_mibs,,,
6.5.table11,sec6_5_table11_64mib_get_1g_pct_of_100g,1.2,%,DERIVED,OK,throttled/1gbps/64MiB/GET mean_mibs / distributed/100gbps/64MiB/GET mean_mibs,,,
6.5.table11,sec6_5_table11_512mib_put_10g_pct_of_100g,14.6,%,DERIVED,OK,throttled/10gbps/512MiB/PUT mean_mibs / distributed/100gbps/512MiB/PUT mean_mibs,,,
6.5.table11,sec6_5_table11_512mib_put_1g_pct_of_100g,1.5,%,DERIVED,OK,throttled/1gbps/512MiB/PUT mean_mibs / distributed/100gbps/512MiB/PUT mean_mibs,,,
6.5.table11,sec6_5_table11_512mib_get_10g_pct_of_100g,13.1,%,DERIVED,OK,throttled/10gbps/512MiB/GET mean_mibs / distributed/100gbps/512MiB/GET mean_mibs,,,
6.5.table11,sec6_5_table11_512mib_get_1g_pct_of_100g,1.3,%,DERIVED,OK,throttled/1gbps/512MiB/GET mean_mibs / distributed/100gbps/512MiB/GET mean_mibs,,,
6.5.prose,sec6_5_prose_10g_min_mibs,2291,MiB/s,DERIVED,OK,"track2_summary.csv, experiment=throttled, rate=10gbps, min(mean_mibs)",,,
6.5.prose,sec6_5_prose_10g_max_mibs,2347,MiB/s,DERIVED,OK,"track2_summary.csv, experiment=throttled, rate=10gbps, max(mean_mibs)",,,
6.5.prose,sec6_5_prose_1g_min_mibs,219,MiB/s,DERIVED,OK,"track2_summary.csv, experiment=throttled, rate=1gbps, min(mean_mibs)",,,
6.5.prose,sec6_5_prose_1g_max_mibs,233,MiB/s,DERIVED,OK,"track2_summary.csv, experiment=throttled, rate=1gbps, max(mean_mibs)",,,
6.5.prose,sec6_5_prose_512mib_transfer_1g_s,2.26,s,DERIVED,OK,512 MiB / throttled/GET/1gbps/512MiB mean_mibs,,,
6.5.prose,sec6_5_prose_512mib_transfer_100g_ms,29,ms,DERIVED,OK,512 MiB / distributed/GET/100gbps/512MiB mean_mibs (post-exclusion mean),,,
6.5.prose,sec6_5_prose_ratio_framework,multiply the 1 Gbps numbers by N to estimate throughput at N Gbps,narrative,NARRATIVE,NARRATIVE,Practical guidance; not a numeric claim,,,
6.6.table12,sec6_6_table12_4mib_get_single_ttfb_ms,2.9,ms,DIRECT,OK,"track2_summary.csv, experiment=single, operation=GET, rate=100gbps, size=4MiB, mean_ttfb_ms",,,
6.6.table12,sec6_6_table12_4mib_get_distributed_ttfb_ms,2.5,ms,DIRECT,OK,"track2_summary.csv, experiment=distributed, operation=GET, rate=100gbps, size=4MiB, mean_ttfb_ms",,,
6.6.table12,sec6_6_table12_64mib_get_single_ttfb_ms,3.3,ms,DIRECT,OK,"track2_summary.csv, experiment=single, operation=GET, rate=100gbps, size=64MiB, mean_ttfb_ms",,,
6.6.table12,sec6_6_table12_64mib_get_distributed_ttfb_ms,3.2,ms,DIRECT,OK,"track2_summary.csv, experiment=distributed, operation=GET, rate=100gbps, size=64MiB, mean_ttfb_ms",,,
6.6.table12,sec6_6_table12_512mib_get_single_ttfb_ms,4.3,ms,DIRECT,OK,"track2_summary.csv, experiment=single, operation=GET, rate=100gbps, size=512MiB, mean_ttfb_ms",,,
6.6.table12,sec6_6_table12_512mib_get_distributed_ttfb_ms,4.2,ms,DIRECT,OK,"track2_summary.csv, experiment=distributed, operation=GET, rate=100gbps, size=512MiB, mean_ttfb_ms",,,
6.6.table12,sec6_6_table12_2gib_get_single_ttfb_ms,6.3,ms,DIRECT,OK,"track2_summary.csv, experiment=single, operation=GET, rate=100gbps, size=2GiB, mean_ttfb_ms",,,
6.6.table12,sec6_6_table12_2gib_get_distributed_ttfb_ms,6.1,ms,DIRECT,OK,"track2_summary.csv, experiment=distributed, operation=GET, rate=100gbps, size=2GiB, mean_ttfb_ms",,,
6.6.table12,sec6_6_table12_4mib_get_throttled_10g_ttfb_ms,11.6,ms,DIRECT,OK,"track2_summary.csv, experiment=throttled, operation=GET, rate=10gbps, size=4MiB, mean_ttfb_ms",,,
6.6.table12,sec6_6_table12_4mib_get_throttled_1g_ttfb_ms,8.3,ms,DIRECT,OK,"track2_summary.csv, experiment=throttled, operation=GET, rate=1gbps, size=4MiB, mean_ttfb_ms",,,
6.6.table12,sec6_6_table12_64mib_get_throttled_10g_ttfb_ms,10.5,ms,DIRECT,OK,"track2_summary.csv, experiment=throttled, operation=GET, rate=10gbps, size=64MiB, mean_ttfb_ms",,,
6.6.table12,sec6_6_table12_64mib_get_throttled_1g_ttfb_ms,9.7,ms,DIRECT,OK,"track2_summary.csv, experiment=throttled, operation=GET, rate=1gbps, size=64MiB, mean_ttfb_ms",,,
6.6.table12,sec6_6_table12_512mib_get_throttled_10g_ttfb_ms,11.0,ms,DIRECT,OK,"track2_summary.csv, experiment=throttled, operation=GET, rate=10gbps, size=512MiB, mean_ttfb_ms",,,
6.6.table12,sec6_6_table12_512mib_get_throttled_1g_ttfb_ms,9.7,ms,DIRECT,OK,"track2_summary.csv, experiment=throttled, operation=GET, rate=1gbps, size=512MiB, mean_ttfb_ms",,,
6.6.prose,sec6_6_prose_ttfb_100g_min_ms,2.5,ms,DERIVED,OK,"track2_summary.csv, GET + 100gbps + (single|distributed), min(mean_ttfb_ms)",,,
6.6.prose,sec6_6_prose_ttfb_100g_max_ms,6.3,ms,DERIVED,OK,"track2_summary.csv, GET + 100gbps + (single|distributed), max(mean_ttfb_ms)",,,
6.6.prose,sec6_6_prose_ttfb_throttled_min_ms,8.3,ms,DERIVED,OK,"track2_summary.csv, GET + throttled, min(mean_ttfb_ms)",,,
6.6.prose,sec6_6_prose_ttfb_throttled_max_ms,11.6,ms,DERIVED,OK,"track2_summary.csv, GET + throttled, max(mean_ttfb_ms)",,,
6.7.summary,sec6_7_summary_single_client_mibs,10107,MiB/s,DERIVED,OK,mean of single/GET/100gbps mean_mibs across 4 object sizes,,,
6.7.summary,sec6_7_summary_distributed_put_2gib_mibs,16544,MiB/s,DERIVED,OK,distributed/PUT/100gbps/2GiB mean_mibs,,,
6.7.summary,sec6_7_summary_distributed_get_2gib_mibs,17287,MiB/s,DERIVED,OK,distributed/GET/100gbps/2GiB mean_mibs,,,
8.1.prose,sec9_1_throttled_81x_factor,69,x,DERIVED,OK,distributed/PUT/100gbps/512MiB mean_mibs / throttled/PUT/1gbps/512MiB mean_mibs,Size-matched ratio across 100G and 1G PUT at 512 MiB; rounds to 81x.,,
8.1.prose,sec9_1_prose_1g_512mib_transfer_s,2.3,s,DERIVED,OK,canonical_512mib_transfer_1g_s,Cross-reference to §6.5 transfer-time claim.,,
8.1.prose,sec9_1_prose_100g_512mib_transfer_ms,29,ms,DERIVED,OK,canonical_512mib_transfer_100g_ms,Cross-reference to sec6_5_prose_512mib_transfer_100g_ms.,,
8.1.prose,sec9_1_prose_ststst_gbps,1378.6,Gbps,DERIVED,OK,canonical_ststst_total_gbps_mean,Cross-reference to §5.2 Table 2 st-to-st aggregate.,,
8.1.prose,sec9_1_prose_ststst_pct,86.2,%,DERIVED,OK,canonical_ststst_pct_of_theoretical,Cross-reference to §5.2 prose.,,
8.1.prose,sec9_1_prose_fullmesh_gbps,529.0,Gbps,DERIVED,OK,canonical_fullmesh_total_gbps_mean,Cross-reference to §5.2 Table 2 full-mesh aggregate.,,
8.2.prose,sec9_2_prose_r6525_numa_75pct,75,%,DERIVED,OK,(R6525_NUMA_NODES_TOTAL - R6525_NUMA_NODES_POPULATED) / R6525_NUMA_NODES_TOTAL,24 of 32 cores access memory remotely: (8-2)/8 = 75%. Hardware fact derived from NUMA CONFIG.,,
8.2.prose,sec9_2_prose_r6525_pct_bond,44.1,%,DERIVED,OK,canonical_r6525_per_node_pct,Cross-reference to sec5_2_prose_r6525_per_node_pct.,,
8.2.prose,sec9_2_prose_r6525_mean_gbps,176.3,Gbps,DERIVED,OK,canonical_r6525_per_node_mean_gbps,Cross-reference to sec5_2_prose_r6525_per_node_mean_gbps.,,
8.2.prose,sec9_2_prose_r6525_min_gbps,168.7,Gbps,DERIVED,OK,canonical_r6525_per_node_min_gbps,Cross-reference to sec5_2_prose_r6525_per_node_min_gbps.,,
8.2.prose,sec9_2_prose_r6525_max_gbps,191.7,Gbps,DERIVED,OK,canonical_r6525_per_node_max_gbps,Cross-reference to sec5_2_prose_r6525_per_node_max_gbps.,,
8.2.prose,sec9_2_prose_r750_pct_bond,86.2,%,DERIVED,OK,canonical_ststst_pct_of_theoretical,Cross-reference to §5.2 prose.,,
8.3.prose,sec9_3_prose_perpair_stream_cv_pct,9.59,%,DIRECT,OK,"track1_throughput_raw.csv, mode=per-pair, mean(stream_cv_pct)",Cross-reference to sec5_4_table4_perpair_streamcv_mean.,,
8.3.prose,sec9_3_prose_fullmesh_stream_cv_pct,93.28,%,DIRECT,OK,"track1_throughput_raw.csv, mode=full-mesh, mean(stream_cv_pct)",Cross-reference to sec5_4_table4_fullmesh_streamcv_mean.,,
8.3.prose,sec9_3_prose_ststst_stream_cv_pct,22.84,%,DIRECT,OK,"track1_throughput_raw.csv, mode=st-to-st, mean(stream_cv_pct)",Cross-reference to sec5_4_table4_ststst_streamcv_mean.,,
8.5.prose,sec9_5_st04_84gbps,84,Gbps,NARRATIVE,NARRATIVE,pre-BIOS-fix historical anomaly; st04 CPU-boost-disabled snapshot,"Draft cites '84 Gbps - 22% below the cluster mean'. Not in current CSVs. Duplicate of sec5_2_prose_st04_bios_gbps (same value, different section).",,
8.5.prose,sec9_5_swarm_retransmits,1700,count,NARRATIVE,NARRATIVE,pre-drain historical anomaly; srv01 Docker Swarm contention snapshot,"Draft cites '1,700 retransmits while the other application nodes had near-zero'. Not in current CSVs (benchmarks were re-run after Swarm drain).",,
8.5.prose,sec9_5_sack_95pct,95,%,NARRATIVE,NARRATIVE,pre-SACK-fix historical anomaly; st06 GET throughput reduction,Draft cites '95% reduction'. Derivation in checklist uses pre-fix 137 MiB/s vs post-fix ~2800 MiB/s: 1 - 137/2800 = 95.1%. Inputs are anecdotal; treated as narrative. See sec6_3_prose_st06_pre_fix_mibs for the 137 value.,,
8.6.prose,sec9_6_prose_single_client_mibs,10107,MiB/s,DERIVED,OK,mean of single/GET/100gbps mean_mibs across SIZES_100G,Matches sec6_7_summary_single_client_mibs.,,
8.6.prose,sec9_6_prose_single_client_gbps,84.8,Gbps,DERIVED,OK,mean of single/GET/100gbps mean_gbps across SIZES_100G,,,
8.6.prose,sec9_6_prose_1gbps_mibs,225,MiB/s,DERIVED,OK,mean of throttled/GET/1gbps mean_mibs across SIZES_THROTTLED,,,
8.6.prose,sec9_6_lisbon_rtt,29,ms,NARRATIVE,NARRATIVE,preliminary external measurement from Lisbon; not in benchmark CSVs,"Draft cites '29 ms RTT, 100 ms API round-trip to the Azores'. Preliminary result cited narratively; full Atlantic Cloud remote benchmarks are the subject of a separate companion paper.",,
9.summary,sec10_summary_ststst_gbps,1378.6,Gbps,DERIVED,OK,canonical_ststst_total_gbps_mean,Cross-reference to §5.2 Table 2; headline aggregate under symmetric R750 load.,,
9.summary,sec10_summary_ststst_pct,86.2,%,DERIVED,OK,canonical_ststst_pct_of_theoretical,Cross-reference to §5.2 prose; '86% of theoretical capacity'.,,
9.summary,sec10_summary_2gib_get_distributed_mibs,17287,MiB/s,DIRECT,OK,"track2_summary.csv, experiment=distributed, operation=GET, rate=100gbps, size=2GiB, mean_mibs",Same cell as sec6_7_summary_distributed_get_2gib_mibs.,,
9.summary,sec10_summary_512mib_100g_ms,29,ms,DERIVED,OK,canonical_512mib_transfer_100g_ms,,,
9.summary,sec10_summary_512mib_10g_ms,218,ms,DERIVED,OK,canonical_512mib_transfer_10g_ms,,,
9.summary,sec10_summary_512mib_1g_s,2.26,s,DERIVED,OK,canonical_512mib_transfer_1g_s,,,
9.summary,sec10_summary_range_factor_x,79,x,DERIVED,OK,canonical_throttled_range_factor,Derivation: canonical_512mib_transfer_1g_ms / canonical_512mib_transfer_100g_ms.,,
