client,server,condition,repetition,n_pings,mean_ms,std_ms,min_ms,max_ms,p50_ms,p95_ms,p99_ms,mdev_ms,packet_loss
srv01,st01,idle,1,500,0.060809999999999996,0.016003190438422486,0.031,0.146,0.058499999999999996,0.09105,0.10901,0.016,0.0
srv01,st01,idle,2,500,0.06475399999999999,0.016649922637889204,0.034,0.126,0.063,0.095,0.108,0.016,0.0
srv01,st01,idle,3,500,0.06401000000000001,0.01832401263036444,0.029,0.261,0.062,0.09305000000000001,0.10403999999999995,0.018,0.0
srv01,st01,50pct,1,500,0.04995199999999999,0.020923318726556412,0.027,0.182,0.044,0.09115000000000002,0.13101999999999997,0.02,0.0
srv01,st01,50pct,2,500,0.057778,0.030003552161112012,0.027,0.459,0.051,0.10105000000000001,0.15913999999999986,0.029,0.0
srv01,st01,50pct,3,500,0.042513999999999996,0.019709356190471716,0.022,0.22,0.037,0.07305,0.125,0.019,0.0
srv01,st01,100pct,1,500,0.088946,0.10747994678973305,0.027,0.774,0.052,0.30715000000000003,0.6031999999999997,0.107,0.0
srv01,st01,100pct,2,500,0.17909400000000003,0.36112112940702934,0.027,2.59,0.067,0.7325500000000004,2.0007999999999995,0.36,0.0
srv01,st01,100pct,3,500,0.04916,0.0271397777269848,0.029,0.53,0.044,0.08120000000000004,0.11807999999999992,0.027,0.0
srv01,st02,idle,1,500,0.04638199999999999,0.007859237318114583,0.03,0.131,0.045,0.05810000000000003,0.07,0.007,0.0
srv01,st02,idle,2,500,0.048013999999999994,0.012621426417391153,0.03,0.242,0.046,0.06205000000000001,0.07300999999999998,0.012,0.0
srv01,st02,idle,3,500,0.05719799999999999,0.017272738375311653,0.029,0.238,0.054,0.08,0.09301999999999998,0.017,0.0
srv01,st02,50pct,1,500,0.03949599999999998,0.023051784171881664,0.024,0.227,0.034,0.06720000000000005,0.16205999999999993,0.023,0.0
srv01,st02,50pct,2,500,0.047127999999999996,0.04962665842521444,0.027,1.11,0.042,0.07,0.10110999999999991,0.049,0.0
srv01,st02,50pct,3,500,0.051997999999999996,0.030939950825982714,0.026,0.299,0.044,0.10010000000000002,0.21306999999999995,0.03,0.0
srv01,st02,100pct,1,500,0.046757999999999994,0.017548428153578956,0.029,0.194,0.042,0.081,0.11302999999999996,0.017,0.0
srv01,st02,100pct,2,500,0.12010199999999999,0.24828462317310032,0.026,2.12,0.046,0.41305000000000025,1.5812999999999988,0.247,0.0
srv01,st02,100pct,3,500,0.044823999999999996,0.014769878897448368,0.028,0.136,0.041,0.071,0.10304999999999995,0.014,0.0
srv01,st03,idle,1,500,0.059014000000000004,0.013478172214825904,0.033,0.114,0.056,0.085,0.09903999999999996,0.013,0.0
srv01,st03,idle,2,500,0.059168,0.01468588186839677,0.03,0.148,0.057,0.08505000000000003,0.09902999999999998,0.014,0.0
srv01,st03,idle,3,500,0.055492,0.012349208148046072,0.033,0.128,0.053,0.077,0.08907999999999992,0.012,0.0
srv01,st03,50pct,1,500,0.052596,0.015837247893547776,0.028,0.213,0.05,0.07505,0.09809999999999991,0.015,0.0
srv01,st03,50pct,2,500,0.058322,0.05416054879792287,0.028,0.877,0.047,0.11505000000000001,0.22723999999999978,0.054,0.0
srv01,st03,50pct,3,500,0.050488000000000005,0.01567025749437066,0.028,0.141,0.047,0.08,0.1,0.015,0.0
srv01,st03,100pct,1,500,0.1024,0.1919602497262126,0.029,1.91,0.055,0.22720000000000004,1.2026999999999974,0.191,0.0
srv01,st03,100pct,2,500,0.07194800000000001,0.055910439548451075,0.03,0.665,0.055,0.15320000000000003,0.26271999999999934,0.055,0.0
srv01,st03,100pct,3,500,0.057315999999999985,0.03616196232283414,0.029,0.599,0.048,0.10805000000000002,0.182,0.036,0.0
srv01,st04,idle,1,500,0.046161999999999995,0.04013608808957678,0.026,0.831,0.042,0.056050000000000016,0.0983099999999988,0.04,0.0
srv01,st04,idle,2,500,0.045878,0.011517657264292746,0.029,0.233,0.045,0.057,0.06603999999999997,0.011,0.0
srv01,st04,idle,3,500,0.052163999999999995,0.016136600750081633,0.028,0.247,0.0505,0.06905000000000001,0.08104999999999996,0.016,0.0
srv01,st04,50pct,1,500,0.08986599999999999,0.07621260240623634,0.026,0.428,0.0595,0.25205,0.35402,0.076,0.0
srv01,st04,50pct,2,500,0.04087599999999999,0.009617359888370865,0.027,0.136,0.039,0.055,0.06803999999999998,0.009,0.0
srv01,st04,50pct,3,500,0.04723999999999999,0.021439068714257836,0.027,0.309,0.041,0.08705,0.12100999999999998,0.021,0.0
srv01,st04,100pct,1,500,0.104588,0.08706182733873162,0.03,0.493,0.0695,0.31395000000000023,0.40301000000000003,0.086,0.0
srv01,st04,100pct,2,500,0.04323399999999999,0.011715705677381887,0.028,0.134,0.04,0.06410000000000002,0.08205999999999995,0.011,0.0
srv01,st04,100pct,3,500,0.094612,0.07833478239112258,0.033,0.534,0.061,0.28010000000000007,0.3801299999999999,0.078,0.0
srv01,st05,idle,1,500,0.05862,0.013498741869675418,0.029,0.138,0.057,0.081,0.09400999999999998,0.013,0.0
srv01,st05,idle,2,500,0.063456,0.01785816036952203,0.026,0.237,0.0625,0.091,0.10102999999999998,0.017,0.0
srv01,st05,idle,3,500,0.05893199999999999,0.011817388770566425,0.031,0.147,0.058,0.079,0.08601999999999997,0.011,0.0
srv01,st05,50pct,1,500,0.055661999999999996,0.023083966188460335,0.032,0.244,0.049,0.09810000000000003,0.14100999999999997,0.023,0.0
srv01,st05,50pct,2,500,0.04489199999999999,0.013668283724005727,0.028,0.135,0.041,0.07105000000000002,0.10110999999999991,0.013,0.0
srv01,st05,50pct,3,500,0.059478,0.018121984677659197,0.034,0.2,0.055,0.09110000000000001,0.13601000000000002,0.018,0.0
srv01,st05,100pct,1,500,0.066464,0.07554656359187413,0.03,1.21,0.052,0.11605000000000001,0.4023799999999997,0.075,0.0
srv01,st05,100pct,2,500,0.051003999999999994,0.03775280828052574,0.029,0.685,0.043,0.088,0.1410999999999999,0.037,0.0
srv01,st05,100pct,3,500,0.070438,0.10746711365359203,0.029,1.86,0.051,0.13005000000000003,0.4140799999999981,0.107,0.0
srv01,st06,idle,1,500,0.052059999999999995,0.00908721932772729,0.033,0.124,0.05,0.06805000000000001,0.07702999999999997,0.009,0.0
srv01,st06,idle,2,500,0.048312,0.011435392095803689,0.03,0.141,0.046,0.069,0.08408999999999993,0.011,0.0
srv01,st06,idle,3,500,0.05072,0.011356563876726636,0.03,0.109,0.048,0.07105000000000002,0.08901999999999997,0.011,0.0
srv01,st06,50pct,1,500,0.041766,0.01534817177234823,0.025,0.138,0.038,0.07,0.10700999999999998,0.015,0.0
srv01,st06,50pct,2,500,0.05748399999999999,0.2081461972336888,0.026,4.67,0.041,0.097,0.14716999999999983,0.208,0.0
srv01,st06,50pct,3,500,0.04062999999999999,0.013809798008735833,0.027,0.191,0.037,0.06,0.09208999999999992,0.013,0.0
srv01,st06,100pct,1,500,0.117684,0.08471524945948021,0.037,0.545,0.088,0.30215000000000003,0.39208999999999994,0.084,0.0
srv01,st06,100pct,2,500,0.06686999999999999,0.08050154095539033,0.027,1.58,0.049,0.134,0.23801999999999998,0.08,0.0
srv01,st06,100pct,3,500,0.09782800000000003,0.07287287099225134,0.032,0.571,0.0665,0.25005,0.31305,0.072,0.0
srv01,st07,idle,1,500,0.05886400000000001,0.015606172151377698,0.033,0.166,0.055,0.08905,0.106,0.015,0.0
srv01,st07,idle,2,500,0.058554,0.014295587138108263,0.03,0.136,0.055,0.08305000000000001,0.10301999999999999,0.014,0.0
srv01,st07,idle,3,500,0.06348999999999999,0.0349947877596176,0.032,0.645,0.059,0.091,0.11001999999999998,0.034,0.0
srv01,st07,50pct,1,500,0.038179999999999985,0.014992569970109101,0.025,0.222,0.0345,0.059,0.08302999999999998,0.015,0.0
srv01,st07,50pct,2,500,0.042994,0.01272138480129129,0.027,0.172,0.04,0.06605000000000003,0.08204999999999996,0.012,0.0
srv01,st07,50pct,3,500,0.050019999999999995,0.013263311459123751,0.029,0.104,0.047,0.07505,0.093,0.013,0.0
srv01,st07,100pct,1,500,0.06461199999999999,0.08941186957469172,0.027,1.25,0.045,0.132,0.3986899999999994,0.089,0.0
srv01,st07,100pct,2,500,0.106334,0.08123909172343137,0.032,0.484,0.0755,0.2924500000000001,0.35612999999999984,0.081,0.0
srv01,st07,100pct,3,500,0.065176,0.04764890197810899,0.031,0.556,0.051,0.14430000000000004,0.27308999999999994,0.047,0.0
srv01,st08,idle,1,500,0.043452000000000005,0.007540119548495979,0.028,0.107,0.043,0.055,0.06601999999999998,0.007,0.0
srv01,st08,idle,2,500,0.048716,0.00842694314336361,0.03,0.097,0.048,0.063,0.07800999999999998,0.008,0.0
srv01,st08,idle,3,500,0.05110599999999999,0.011703705286569282,0.03,0.132,0.049,0.07405,0.08802999999999997,0.011,0.0
srv01,st08,50pct,1,500,0.048243999999999995,0.042648496485867,0.027,0.794,0.04,0.08505000000000003,0.15003999999999995,0.042,0.0
srv01,st08,50pct,2,500,0.049273999999999984,0.03377158515568755,0.027,0.334,0.04,0.10705,0.217,0.033,0.0
srv01,st08,50pct,3,500,0.048012,0.021653767045355158,0.028,0.193,0.04,0.092,0.14201999999999998,0.021,0.0
srv01,st08,100pct,1,500,0.08274399999999998,0.11167427973131064,0.03,1.5,0.051,0.19570000000000015,0.3912999999999979,0.111,0.0
srv01,st08,100pct,2,500,0.05207599999999999,0.04221196422636236,0.028,0.628,0.042,0.10105000000000001,0.16207999999999992,0.042,0.0
srv01,st08,100pct,3,500,0.056258,0.07489580896419239,0.027,1.33,0.045,0.10415000000000003,0.21001999999999996,0.074,0.0
srv02,st01,idle,1,500,0.060750000000000005,0.012126896686559715,0.038,0.128,0.058,0.08310000000000002,0.09801999999999998,0.012,0.0
srv02,st01,idle,2,500,0.053441999999999996,0.0140256934285726,0.029,0.109,0.05,0.08205000000000001,0.10200999999999998,0.014,0.0
srv02,st01,idle,3,500,0.053562000000000005,0.013741463227154761,0.031,0.247,0.052,0.07305,0.08600999999999998,0.013,0.0
srv02,st01,50pct,1,500,0.03382999999999999,0.01529001861799643,0.025,0.331,0.031,0.048,0.06003999999999996,0.015,0.0
srv02,st01,50pct,2,500,0.04334999999999999,0.01441065000849492,0.029,0.177,0.04,0.06610000000000003,0.09803999999999997,0.014,0.0
srv02,st01,50pct,3,500,0.049094000000000006,0.01957179793859262,0.029,0.177,0.044,0.08505000000000003,0.13502999999999998,0.019,0.0
srv02,st01,100pct,1,500,0.105864,0.07658485479497847,0.031,0.513,0.079,0.257,0.4041599999999999,0.076,0.0
srv02,st01,100pct,2,500,0.059838,0.038278639794656476,0.031,0.628,0.05,0.117,0.17313999999999985,0.038,0.0
srv02,st01,100pct,3,500,0.10719399999999998,0.07561817626181107,0.033,0.459,0.08,0.277,0.363,0.075,0.0
srv02,st02,idle,1,500,0.04742999999999999,0.012623779926760389,0.03,0.245,0.045,0.065,0.07506999999999993,0.012,0.0
srv02,st02,idle,2,500,0.05392999999999999,0.03337551422674712,0.029,0.701,0.052,0.06805000000000001,0.081,0.033,0.0
srv02,st02,idle,3,500,0.05629599999999999,0.008261045560187584,0.029,0.096,0.057,0.07,0.07800999999999998,0.008,0.0
srv02,st02,50pct,1,500,0.046028,0.012893397356429435,0.026,0.128,0.044,0.069,0.09406999999999993,0.012,0.0
srv02,st02,50pct,2,500,0.03900799999999998,0.014783404008148338,0.022,0.117,0.036,0.06810000000000002,0.10700999999999998,0.014,0.0
srv02,st02,50pct,3,500,0.03749999999999999,0.015890595396148257,0.024,0.213,0.033,0.06205000000000001,0.10303999999999996,0.015,0.0
srv02,st02,100pct,1,500,0.06324,0.0372704786279209,0.028,0.29,0.051,0.138,0.21317999999999984,0.037,0.0
srv02,st02,100pct,2,500,0.066302,0.04879447301892283,0.028,0.631,0.054,0.12610000000000002,0.19336999999999877,0.048,0.0
srv02,st02,100pct,3,500,0.06000200000000001,0.050802438637757207,0.032,1.08,0.051,0.10105000000000001,0.13317999999999985,0.05,0.0
srv02,st03,idle,1,500,0.050725999999999986,0.010434590809933158,0.029,0.132,0.049,0.06805000000000001,0.07800999999999998,0.01,0.0
srv02,st03,idle,2,500,0.05613800000000001,0.016305541922757107,0.029,0.253,0.053,0.08105000000000001,0.0890899999999999,0.016,0.0
srv02,st03,idle,3,500,0.06570599999999999,0.016840152775167507,0.03,0.145,0.063,0.09605000000000001,0.11102,0.016,0.0
srv02,st03,50pct,1,500,0.046255999999999985,0.014919639918933074,0.026,0.131,0.042,0.07005000000000002,0.11401999999999998,0.014,0.0
srv02,st03,50pct,2,500,0.040151999999999986,0.013336138916583199,0.026,0.12,0.036,0.067,0.09205999999999995,0.013,0.0
srv02,st03,50pct,3,500,0.039439999999999996,0.010758712738966458,0.028,0.16,0.036,0.055,0.08001999999999998,0.01,0.0
srv02,st03,100pct,1,500,0.040699999999999986,0.02050020773148575,0.026,0.31,0.036,0.059,0.11327999999999974,0.02,0.0
srv02,st03,100pct,2,500,0.046422,0.024165260927027928,0.025,0.173,0.038,0.10615000000000004,0.149,0.024,0.0
srv02,st03,100pct,3,500,0.060647999999999994,0.03399216130316106,0.028,0.374,0.0515,0.11805000000000002,0.17267999999999936,0.033,0.0
srv02,st04,idle,1,500,0.043278,0.006805979629519535,0.027,0.087,0.043,0.054050000000000015,0.062009999999999996,0.006,0.0
srv02,st04,idle,2,500,0.051029999999999985,0.012692963509176671,0.031,0.239,0.049,0.07,0.08,0.012,0.0
srv02,st04,idle,3,500,0.049921999999999994,0.008982498904711667,0.032,0.096,0.048,0.06905000000000001,0.081,0.009,0.0
srv02,st04,50pct,1,500,0.04273199999999999,0.021503510828604525,0.028,0.338,0.0375,0.06905000000000001,0.10004999999999997,0.021,0.0
srv02,st04,50pct,2,500,0.04704199999999999,0.02308510515809535,0.027,0.228,0.041,0.07905000000000001,0.17501999999999995,0.023,0.0
srv02,st04,50pct,3,500,0.03932199999999999,0.015453411657744947,0.025,0.231,0.036,0.05905000000000001,0.08604999999999995,0.015,0.0
srv02,st04,100pct,1,500,0.07447399999999998,0.06250176209139273,0.028,0.834,0.0505,0.192,0.26002,0.062,0.0
srv02,st04,100pct,2,500,0.053492000000000005,0.030213235762335373,0.029,0.405,0.046,0.09705000000000001,0.16615999999999986,0.03,0.0
srv02,st04,100pct,3,500,0.09935799999999997,0.07773529048491133,0.028,0.488,0.072,0.25310000000000005,0.37213999999999986,0.077,0.0
srv02,st05,idle,1,500,0.058184,0.01608002731829502,0.026,0.125,0.055,0.08810000000000001,0.10700999999999998,0.016,0.0
srv02,st05,idle,2,500,0.055616,0.013452676052963288,0.031,0.158,0.053,0.07905000000000001,0.09100999999999998,0.013,0.0
srv02,st05,idle,3,500,0.059546,0.01574648492760052,0.032,0.137,0.055,0.09105,0.11201999999999998,0.015,0.0
srv02,st05,50pct,1,500,0.03802799999999999,0.009516108903186988,0.026,0.102,0.035,0.055,0.06904999999999996,0.009,0.0
srv02,st05,50pct,2,500,0.059704,0.031077709569145025,0.029,0.376,0.05,0.118,0.17008999999999994,0.031,0.0
srv02,st05,50pct,3,500,0.036287999999999994,0.009569127044029124,0.025,0.097,0.033,0.05110000000000002,0.07705999999999995,0.009,0.0
srv02,st05,100pct,1,500,0.048299999999999996,0.021651780508734075,0.028,0.195,0.043,0.08410000000000004,0.15114999999999987,0.021,0.0
srv02,st05,100pct,2,500,0.057045999999999986,0.02887551687762316,0.027,0.312,0.048,0.111,0.16905999999999996,0.028,0.0
srv02,st05,100pct,3,500,0.06507199999999998,0.0365052335995857,0.03,0.412,0.054,0.124,0.19201,0.036,0.0
srv02,st06,idle,1,500,0.051776,0.015419901774702816,0.028,0.244,0.049,0.076,0.09101999999999998,0.015,0.0
srv02,st06,idle,2,500,0.047299999999999995,0.011366106490505313,0.028,0.117,0.045,0.07405,0.08502999999999998,0.011,0.0
srv02,st06,idle,3,500,0.054912,0.01813101551063519,0.029,0.268,0.051,0.08105000000000001,0.09704999999999996,0.018,0.0
srv02,st06,50pct,1,500,0.03692599999999999,0.01909160818281196,0.027,0.439,0.035,0.047050000000000015,0.05807999999999993,0.019,0.0
srv02,st06,50pct,2,500,0.03901599999999999,0.012910658938584696,0.025,0.168,0.036,0.061050000000000014,0.087,0.012,0.0
srv02,st06,50pct,3,500,0.04232,0.013708151839460612,0.027,0.14,0.038,0.069,0.10200999999999998,0.013,0.0
srv02,st06,100pct,1,500,0.107912,0.08117933496185897,0.027,0.557,0.0825,0.2703000000000001,0.39901,0.081,0.0
srv02,st06,100pct,2,500,0.04626799999999999,0.016292054446144975,0.027,0.127,0.041,0.08105000000000001,0.11000999999999998,0.016,0.0
srv02,st06,100pct,3,500,0.10630399999999998,0.09782729651732065,0.031,1.37,0.073,0.27315000000000006,0.3761799999999998,0.097,0.0
srv02,st07,idle,1,500,0.063052,0.020566264572764642,0.027,0.269,0.061,0.09105,0.10402999999999997,0.02,0.0
srv02,st07,idle,2,500,0.055276,0.015762129089271337,0.027,0.11,0.052,0.085,0.10101,0.015,0.0
srv02,st07,idle,3,500,0.060658000000000004,0.015396985755032748,0.033,0.112,0.0575,0.089,0.09804999999999996,0.015,0.0
srv02,st07,50pct,1,500,0.039576,0.011048999265523511,0.027,0.121,0.036,0.061050000000000014,0.08003999999999996,0.011,0.0
srv02,st07,50pct,2,500,0.043237999999999985,0.015952878884056595,0.025,0.188,0.04,0.067,0.09701999999999998,0.015,0.0
srv02,st07,50pct,3,500,0.050932000000000005,0.0244789258674323,0.027,0.292,0.045,0.09,0.14401999999999998,0.024,0.0
srv02,st07,100pct,1,500,0.049146,0.021519732381317547,0.029,0.209,0.043,0.094,0.12802999999999998,0.021,0.0
srv02,st07,100pct,2,500,0.04912,0.028057798918666454,0.028,0.476,0.045,0.07605000000000002,0.10101999999999998,0.028,0.0
srv02,st07,100pct,3,500,0.04448599999999999,0.012935860116509757,0.027,0.14,0.041,0.068,0.08901999999999997,0.012,0.0
srv02,st08,idle,1,500,0.047778,0.010319967027024736,0.026,0.103,0.047,0.065,0.07201999999999997,0.01,0.0
srv02,st08,idle,2,500,0.047022,0.011019272422871618,0.028,0.226,0.046,0.058,0.064,0.011,0.0
srv02,st08,idle,3,500,0.048824000000000006,0.013522527185514024,0.029,0.236,0.047,0.067,0.07904999999999995,0.013,0.0
srv02,st08,50pct,1,500,0.04193199999999999,0.013394109912970008,0.028,0.157,0.038,0.06605000000000003,0.09201,0.013,0.0
srv02,st08,50pct,2,500,0.042877999999999986,0.014519115863264601,0.026,0.133,0.039,0.07005000000000002,0.10201999999999997,0.014,0.0
srv02,st08,50pct,3,500,0.047276,0.027840294322724963,0.026,0.393,0.04,0.084,0.15600999999999998,0.027,0.0
srv02,st08,100pct,1,500,0.06537400000000002,0.05520700817380893,0.027,0.973,0.052,0.12305,0.22336999999999965,0.055,0.0
srv02,st08,100pct,2,500,0.11280200000000001,0.2142432896740075,0.027,1.68,0.0565,0.3501,1.4902999999999997,0.214,0.0
srv02,st08,100pct,3,500,0.055706,0.04407944599377624,0.027,0.787,0.047,0.10305,0.18915999999999986,0.044,0.0
srv03,st01,idle,1,500,0.054447999999999996,0.016110070289401562,0.029,0.179,0.05,0.091,0.102,0.016,0.0
srv03,st01,idle,2,500,0.05791599999999999,0.01689567612566857,0.027,0.12,0.0545,0.091,0.103,0.016,0.0
srv03,st01,idle,3,500,0.050811999999999996,0.015122103425914269,0.03,0.117,0.048,0.082,0.10401999999999997,0.015,0.0
srv03,st01,50pct,1,500,0.03824,0.012644293428761657,0.025,0.16,0.036,0.05805000000000001,0.08813999999999987,0.012,0.0
srv03,st01,50pct,2,500,0.04529999999999999,0.014484253076163389,0.027,0.147,0.042,0.07505,0.09302999999999997,0.014,0.0
srv03,st01,50pct,3,500,0.03933,0.00954522512281877,0.028,0.117,0.0365,0.056100000000000025,0.06805999999999995,0.009,0.0
srv03,st01,100pct,1,500,0.05954999999999999,0.0540425452156611,0.026,0.794,0.046,0.11505000000000001,0.18502999999999997,0.053,0.0
srv03,st01,100pct,2,500,0.049763999999999996,0.020634531052182575,0.028,0.192,0.043,0.092,0.13007999999999992,0.02,0.0
srv03,st01,100pct,3,500,0.053821999999999995,0.024113590493598958,0.028,0.313,0.046,0.09705000000000001,0.13101,0.024,0.0
srv03,st02,idle,1,500,0.044016,0.008196469253064569,0.028,0.132,0.044,0.055,0.063,0.008,0.0
srv03,st02,idle,2,500,0.05182,0.012846854999054571,0.029,0.132,0.052,0.071,0.07903999999999997,0.012,0.0
srv03,st02,idle,3,500,0.053328,0.014493327052754872,0.027,0.257,0.053,0.069,0.09101999999999998,0.014,0.0
srv03,st02,50pct,1,500,0.04811599999999999,0.020661857823958497,0.025,0.233,0.043,0.085,0.12311999999999988,0.02,0.0
srv03,st02,50pct,2,500,0.043887999999999996,0.01709678496420378,0.027,0.192,0.039,0.07405,0.10304999999999995,0.017,0.0
srv03,st02,50pct,3,500,0.03812800000000001,0.01194575313808519,0.027,0.164,0.035,0.056,0.08900999999999998,0.011,0.0
srv03,st02,100pct,1,500,0.06114399999999999,0.03911407785148903,0.031,0.495,0.051,0.10905000000000001,0.22038999999999964,0.039,0.0
srv03,st02,100pct,2,500,0.05661599999999999,0.03491008410107155,0.029,0.244,0.045,0.14210000000000003,0.18902999999999998,0.034,0.0
srv03,st02,100pct,3,500,0.05462799999999999,0.030968624888020293,0.028,0.216,0.043,0.13010000000000002,0.172,0.03,0.0
srv03,st03,idle,1,500,0.058176,0.018398642452316323,0.029,0.27,0.055,0.088,0.10400999999999999,0.018,0.0
srv03,st03,idle,2,500,0.05687199999999999,0.01541710056982051,0.033,0.14,0.052,0.09005000000000002,0.10500999999999998,0.015,0.0
srv03,st03,idle,3,500,0.054835999999999996,0.012741970791022813,0.03,0.148,0.052,0.07905000000000001,0.09603999999999996,0.012,0.0
srv03,st03,50pct,1,500,0.049072,0.01631659518885954,0.03,0.255,0.046,0.069,0.09710999999999989,0.016,0.0
srv03,st03,50pct,2,500,0.04333999999999999,0.011979959886316628,0.028,0.124,0.041,0.06310000000000003,0.08903999999999995,0.012,0.0
srv03,st03,50pct,3,500,0.039431999999999995,0.009980209675670178,0.026,0.096,0.037,0.05705000000000001,0.07601,0.01,0.0
srv03,st03,100pct,1,500,0.062196,0.11049822305628809,0.026,2.1,0.047,0.11705000000000002,0.15801,0.11,0.0
srv03,st03,100pct,2,500,0.06508,0.06580944739726562,0.03,1.12,0.049,0.13905,0.20871999999999932,0.065,0.0
srv03,st03,100pct,3,500,0.067728,0.058033626628354686,0.029,0.891,0.052,0.1441,0.2522399999999998,0.057,0.0
srv03,st04,idle,1,500,0.04599799999999999,0.009765691653279548,0.028,0.103,0.045,0.066,0.07602999999999997,0.009,0.0
srv03,st04,idle,2,500,0.04490399999999999,0.008152527916103429,0.026,0.102,0.045,0.057,0.062019999999999985,0.008,0.0
srv03,st04,idle,3,500,0.050986,0.012831800895761159,0.029,0.132,0.049,0.075,0.09102999999999997,0.012,0.0
srv03,st04,50pct,1,500,0.05179799999999999,0.01763755546342664,0.029,0.164,0.047,0.084,0.11711999999999989,0.017,0.0
srv03,st04,50pct,2,500,0.045882,0.01626829403415008,0.027,0.237,0.043,0.07210000000000001,0.10204999999999995,0.016,0.0
srv03,st04,50pct,3,500,0.09252399999999998,0.0762351429331386,0.028,0.504,0.066,0.26405000000000006,0.3751899999999998,0.076,0.0
srv03,st04,100pct,1,500,0.050408,0.016570658086474347,0.029,0.134,0.0475,0.084,0.113,0.016,0.0
srv03,st04,100pct,2,500,0.048222,0.018523253976441383,0.029,0.183,0.043,0.08105000000000001,0.12308999999999991,0.018,0.0
srv03,st04,100pct,3,500,0.06128599999999999,0.05397230979353113,0.029,0.818,0.052,0.10515000000000002,0.2540699999999999,0.053,0.0
srv03,st05,idle,1,500,0.05518,0.014997113950814248,0.028,0.115,0.052,0.085,0.10002999999999998,0.015,0.0
srv03,st05,idle,2,500,0.054155999999999996,0.032873042723115115,0.03,0.686,0.051,0.075,0.0882199999999998,0.032,0.0
srv03,st05,idle,3,500,0.05703,0.04624346457643569,0.028,0.838,0.051,0.08605,0.10904999999999995,0.046,0.0
srv03,st05,50pct,1,500,0.04494,0.01545918409054925,0.026,0.134,0.04,0.07605000000000002,0.10502999999999996,0.015,0.0
srv03,st05,50pct,2,500,0.08836600000000001,0.06992526818154166,0.024,0.498,0.0645,0.22815000000000002,0.3600799999999999,0.069,0.0
srv03,st05,50pct,3,500,0.043343999999999994,0.015188384972608255,0.025,0.163,0.04,0.069,0.10816999999999985,0.015,0.0
srv03,st05,100pct,1,500,0.07545999999999999,0.12342247207549548,0.028,1.55,0.046,0.1883500000000001,0.4699199999999991,0.123,0.0
srv03,st05,100pct,2,500,0.056695999999999996,0.031844429959396,0.03,0.339,0.047,0.10410000000000003,0.182,0.031,0.0
srv03,st05,100pct,3,500,0.10044800000000001,0.20321526562827097,0.029,2.57,0.051,0.2803000000000001,1.1905999999999994,0.203,0.0
srv03,st06,idle,1,500,0.046126,0.008507813454675595,0.028,0.115,0.045,0.059,0.06901,0.008,0.0
srv03,st06,idle,2,500,0.047646,0.013609081460421672,0.023,0.247,0.046,0.06405000000000001,0.08100999999999998,0.013,0.0
srv03,st06,idle,3,500,0.04756199999999999,0.011056520668754578,0.026,0.104,0.045,0.07,0.08201,0.011,0.0
srv03,st06,50pct,1,500,0.05033999999999999,0.023578810840271035,0.026,0.235,0.044,0.09205,0.14203999999999997,0.023,0.0
srv03,st06,50pct,2,500,0.05142199999999999,0.012476828864620773,0.03,0.125,0.05,0.07310000000000001,0.09201,0.012,0.0
srv03,st06,50pct,3,500,0.05402,0.025571535089110843,0.03,0.323,0.047,0.09905000000000003,0.15202,0.025,0.0
srv03,st06,100pct,1,500,0.158252,0.3503101295562826,0.03,2.5,0.0535,0.9006500000000006,1.8821999999999979,0.349,0.0
srv03,st06,100pct,2,500,0.098496,0.0778274000104383,0.03,0.457,0.069,0.26715000000000005,0.4092099999999998,0.077,0.0
srv03,st06,100pct,3,500,0.058342,0.033309038113402197,0.029,0.309,0.048,0.12710000000000002,0.1872399999999998,0.033,0.0
srv03,st07,idle,1,500,0.056858,0.018092997239213753,0.029,0.263,0.053,0.08505000000000003,0.09601,0.018,0.0
srv03,st07,idle,2,500,0.05718199999999999,0.019069141047266945,0.032,0.26,0.053,0.084,0.11,0.019,0.0
srv03,st07,idle,3,500,0.056597999999999996,0.01624512863626563,0.028,0.243,0.053,0.082,0.09900999999999999,0.016,0.0
srv03,st07,50pct,1,500,0.03867999999999999,0.011953718365660575,0.027,0.223,0.036,0.051050000000000005,0.06411999999999989,0.011,0.0
srv03,st07,50pct,2,500,0.041052,0.011834077352018073,0.027,0.125,0.038,0.063,0.09005999999999995,0.011,0.0
srv03,st07,50pct,3,500,0.055751999999999996,0.021363034768239697,0.031,0.159,0.05,0.10105000000000001,0.13001,0.021,0.0
srv03,st07,100pct,1,500,0.08526600000000001,0.0662501729418849,0.031,0.996,0.0645,0.181,0.30904999999999994,0.066,0.0
srv03,st07,100pct,2,500,0.047240000000000004,0.01870813696704071,0.028,0.18,0.042,0.08205000000000001,0.12403999999999997,0.018,0.0
srv03,st07,100pct,3,500,0.07433399999999998,0.10681361683550915,0.029,1.51,0.049,0.16720000000000004,0.47522999999999976,0.106,0.0
srv03,st08,idle,1,500,0.04308999999999999,0.016024964867293656,0.024,0.282,0.041,0.06605000000000003,0.07808999999999991,0.016,0.0
srv03,st08,idle,2,500,0.04233599999999999,0.008944445774917575,0.026,0.094,0.042,0.058,0.06801,0.008,0.0
srv03,st08,idle,3,500,0.04612,0.007987816373755825,0.028,0.082,0.046,0.06,0.06901,0.008,0.0
srv03,st08,50pct,1,500,0.04589799999999999,0.05850282691900478,0.03,1.31,0.04,0.05905000000000001,0.09726999999999975,0.058,0.0
srv03,st08,50pct,2,500,0.04151,0.0124429721172323,0.028,0.177,0.038,0.06,0.07703999999999997,0.012,0.0
srv03,st08,50pct,3,500,0.049511999999999994,0.01707679976401787,0.028,0.163,0.045,0.07910000000000003,0.11402999999999998,0.017,0.0
srv03,st08,100pct,1,500,0.07009999999999998,0.12075957830128013,0.03,1.85,0.049,0.132,0.4229499999999991,0.12,0.0
srv03,st08,100pct,2,500,0.058396,0.0259338449256035,0.03,0.294,0.051,0.10710000000000003,0.15801,0.025,0.0
srv03,st08,100pct,3,500,0.059839999999999983,0.03349450946541324,0.029,0.533,0.051,0.11505000000000001,0.14104999999999995,0.033,0.0
