epoch,qualifier,size_str,rep,host,n_hosts,n_clients,concurrency,total_requests,total_errors,throughput_mibs,throughput_gbps,ops_per_sec,duration_s,total_bytes,total_ops,n_segments,seg_median_mibs,seg_p10_mibs,seg_p90_mibs,seg_min_mibs,seg_max_mibs,seg_std_mibs,ttfb_avg_ms,ttfb_median_ms,ttfb_p99_ms,experiment,operation,rate,size_bytes,excluded
1774487016,put_single,4MiB,1,srv01,1,1,32,428072,0,5707.722987735048,47.87985071669813,1426.915824915825,297.0,1.777539457857418e12,423794,297,5711.502743721008,5654.150720977783,5758.263936233521,5562.561938285828,5793.427251815796,40.93322918924285,,,,single,PUT,100gbps,4194304,false
1774487765,put_single,64MiB,1,srv01,1,1,32,34458,0,7350.03859104713,61.65659252516668,114.83164983164983,297.0,2.289000997496813e12,34105,297,7361.2026014328,7145.684034347534,7535.755215454102,6982.808316230774,7738.958837509155,151.29322593591448,,,,single,PUT,100gbps,67108864,false
1774488543,put_single,512MiB,1,srv01,1,1,32,4400,0,7489.315379358167,62.82493090580695,14.644295302013424,298.0,2.340228676241309e12,4364,298,7487.637261867523,7367.373621559143,7610.263715362549,7074.828195571899,8145.016616821289,103.76572831916455,,,,single,PUT,100gbps,536870912,false
1774489461,put_single,2GiB,1,srv01,1,1,32,1096,0,7423.276387746707,62.270955692463126,3.546666666666667,300.0,2.335160838467367e12,1064,300,7443.377995491028,7198.472819709778,7524.497862815857,6925.267822265625,9127.733006477356,191.83559364713483,,,,single,PUT,100gbps,2147483648,false
1774490910,put_single,4MiB,2,srv01,1,1,32,416526,0,5552.400851815777,46.57691420474864,1388.1043771043771,297.0,1.7291679398512932e12,412267,297,5645.661360740662,5411.653016281129,5740.767088317871,3793.0916328430176,5801.186986923218,343.1178987912156,,,,single,PUT,100gbps,4194304,false
1774491653,put_single,64MiB,2,srv01,1,1,32,32945,0,7026.279598678243,58.9407052517091,109.7751677852349,298.0,2.1955412706261638e12,32713,298,7021.888830661774,6803.725134754181,7246.431425476074,6498.232851982117,7439.504561424255,171.9985347834841,,,,single,PUT,100gbps,67108864,false
1774492418,put_single,512MiB,2,srv01,1,1,32,4264,0,7258.432166294336,60.88814213763399,14.164429530201343,298.0,2.268083294626866e12,4221,298,7262.2151527404785,7095.691766548157,7437.169751834869,6431.332483291626,7630.871933937073,150.22021115068597,,,,single,PUT,100gbps,536870912,false
1774493340,put_single,2GiB,2,srv01,1,1,32,1080,0,7240.64908512861,60.73896684070254,3.4473684210526314,304.0,2.3080807399466963e12,1048,304,7288.568098068237,7057.708046150207,7381.029772758484,5482.865943908691,8629.3848361969,210.02191158152434,,,,single,PUT,100gbps,2147483648,false
1774494802,put_single,4MiB,3,srv01,1,1,32,410270,0,5468.9742304228985,45.87708098111937,1367.2491582491582,297.0,1.7031866314240566e12,406073,297,5628.9546184539795,4862.719460487366,5728.9967817306515,3600.6232290267944,5831.448088645935,454.11326673975975,,,,single,PUT,100gbps,4194304,false
1774495545,put_single,64MiB,3,srv01,1,1,32,32459,0,6922.078720101075,58.066604928069644,108.15151515151516,297.0,2.1557227079545854e12,32121,297,7087.611659049988,6367.5786485672,7334.664429283142,4716.970364570618,7584.580906867981,604.2438495915347,,,,single,PUT,100gbps,67108864,false
1774496310,put_single,512MiB,3,srv01,1,1,32,4325,0,7359.17954688042,61.73327242039747,14.39261744966443,298.0,2.2995643976598057e12,4289,298,7368.365273952484,7201.339012813569,7492.849543857574,7010.9348974227905,7996.309540748596,119.32533443671419,,,,single,PUT,100gbps,536870912,false
1774497229,put_single,2GiB,3,srv01,1,1,32,1064,0,7201.385642462176,60.40960121144335,3.4285714285714284,301.0,2.272911245580556e12,1032,301,7182.52139377594,7027.954842567444,7343.502046585083,4545.363752365112,8928.926209449768,232.85580535868536,,,,single,PUT,100gbps,2147483648,false
1774487390,get_single,4MiB,1,srv01,1,1,32,762384,0,10166.016086061465,85.2787238676639,2541.51677852349,298.0,3.17663246407048e12,757372,298,10172.117859840393,10054.087256813049,10262.495627307891,9931.669083595276,10402.209230422974,79.28543949932461,2.921366225806452,2.768879451612903,5.808311000000001,single,GET,100gbps,4194304,false
1774488139,get_single,64MiB,1,srv01,1,1,32,43149,0,9007.819891268424,75.56307000245343,140.6983606557377,305.0,2.880842043843537e12,42913,305,9132.39396572113,8980.376337051392,9559.423048400879,2.8411808013916016,9952.13464641571,1310.2925377789038,3.2637361290322584,3.127847,5.272797903225806,single,GET,100gbps,67108864,false
1774488916,get_single,512MiB,1,srv01,1,1,32,6146,0,10467.706029612444,87.80948254165519,20.426174496644297,298.0,3.270903224676656e12,6087,298,10475.818298339844,10155.81229171753,10748.440811729432,9818.589025497437,11271.410507202148,236.54457496175658,4.2019962903225805,4.009205774193549,8.213467193548388,single,GET,100gbps,536870912,false
1774489834,get_single,2GiB,1,srv01,1,1,32,1548,0,10483.316497461019,87.94043263713348,5.053333333333334,300.0,3.2977662238925054e12,1516,300,10475.5516872406,10278.446981430054,10674.077219867706,9611.115651130676,12370.032223701477,219.40836781806968,6.1096033,5.946726933333334,9.378871433333332,single,GET,100gbps,2147483648,false
1774491280,get_single,4MiB,2,srv01,1,1,32,722140,0,9625.46481277019,80.74425113212251,2406.3691275167785,298.0,3.0077233546715635e12,717098,298,9542.831450939178,9216.226205921173,10090.633171176909,8945.689721107483,10287.987532615662,340.4179765071157,2.9395537096774196,2.7869814838709686,5.687688903225806,single,GET,100gbps,4194304,false
1774492024,get_single,64MiB,2,srv01,1,1,32,50224,0,10711.533080118248,89.85485208814458,167.36912751677852,298.0,3.3470932402833853e12,49876,298,10711.74181318283,10613.529534244537,10818.728634929657,10493.434021949768,10981.096514701843,82.58621746423174,3.26726770967742,3.1010310645161288,4.921355161290323,single,GET,100gbps,67108864,false
1774492790,get_single,512MiB,2,srv01,1,1,32,6254,0,10643.06871644363,89.28053137930875,20.78523489932886,298.0,3.3256997938792515e12,6194,298,10666.125965595245,10347.773137378692,10922.240716838838,10009.913966178894,11246.995650291443,224.36422725985955,4.255506032258064,4.049133709677419,8.443842129032257,single,GET,100gbps,536870912,false
1774493716,get_single,2GiB,2,srv01,1,1,32,1556,0,10540.644982416788,88.42133882466133,5.06312292358804,301.0,3.326852873277883e12,1524,301,10545.025318145752,10296.28609752655,10752.928252220154,8355.538046836853,12640.415046691895,269.3939136944429,6.645910967741934,6.064938064516128,22.719499967741935,single,GET,100gbps,2147483648,false
1774495173,get_single,4MiB,3,srv01,1,1,32,757579,0,10105.10757559534,84.76778624949968,2526.2852348993288,298.0,3.1576000377938633e12,752833,298,10100.560445308685,10002.566218948363,10213.647824954987,9913.882266998291,10342.614914894104,80.52267619311858,2.939519096774193,2.7802448387096774,5.786499096774195,single,GET,100gbps,4194304,false
1774495916,get_single,64MiB,3,srv01,1,1,32,48468,0,10336.39611568919,86.70797514723925,161.51006711409397,298.0,3.2298720742346626e12,48130,298,10377.739560604095,10205.040908050538,10515.010295295715,7723.271751403809,10707.12342262268,319.5652919631074,3.4158631612903223,3.1497735161290317,5.604233741935482,single,GET,100gbps,67108864,false
1774496681,get_single,512MiB,3,srv01,1,1,32,6003,0,10221.590377227265,85.74491481113165,19.973154362416107,298.0,3.1939980767146543e12,5952,298,10231.365023612976,9949.331991672516,10502.656412029266,9405.72092628479,10845.521094322205,221.65102538380688,4.393548677419355,4.060856258064516,14.345239741935485,single,GET,100gbps,536870912,false
1774497602,get_single,2GiB,3,srv01,1,1,32,1331,0,8969.882600080167,75.24482893809329,4.301324503311259,302.0,2.840492292413022e12,1299,302,9002.070486545563,8816.282983398438,9200.03636865616,2856.580491065979,10850.613130569458,522.9574001188228,6.057901322580646,5.940556612903227,8.85601370967742,single,GET,100gbps,2147483648,false
1778199404,put_distributed,4MiB,1,srv01,8,2,64,2000110,0,13244.204137059594,111.10043677777121,3311.0499168053243,601.0,8.3464203129300625e12,1989941,597,13404.653982162476,13139.433510780334,13576.134808349609,11537.695777893066,13700.286015510559,329.6098977184096,,,,distributed,PUT,100gbps,4194304,false
1778200260,put_distributed,64MiB,1,srv01,8,2,64,150542,0,15958.229285461282,133.8673298498548,249.34442595673877,601.0,1.0056783154970342e13,149856,597,16050.401635169983,14503.898381614687,17709.86951236725,11515.57772064209,18627.983359336853,1241.508431187368,,,,distributed,PUT,100gbps,67108864,false
1778200951,put_distributed,512MiB,1,srv01,8,2,64,18765,0,15869.541162905945,133.12335995548213,30.99004975124378,603.0,1.0034173256644465e13,18687,598,15951.839914798737,15061.847549057007,17187.068510437013,11838.691843032837,18747.47458076477,967.8089144055549,,,,distributed,PUT,100gbps,536870912,false
1778201633,put_distributed,2GiB,1,srv01,8,2,64,4850,0,16328.703944817746,136.9750965411297,7.897689768976898,606.0,1.0375863562990574e13,4786,600,16257.320405006409,15334.349032878876,18066.821728515624,14399.312470436096,19018.285221099854,1065.7197584460475,,,,distributed,PUT,100gbps,2147483648,false
1778202318,put_distributed,4MiB,2,srv01,8,2,64,2001983,0,13256.962759033244,111.20746385612834,3314.2362728785356,601.0,8.354460722191642e12,1991856,597,13428.785987854004,12930.239157485961,13604.969513511658,12005.522135734558,13741.758262634277,281.89803359941,,,,distributed,PUT,100gbps,4194304,false
1778203175,put_distributed,64MiB,2,srv01,8,2,64,151516,0,16038.284432613375,134.53888109769602,250.59966777408638,602.0,1.0124050802601625e13,150861,597,15860.401950836182,14538.719562911989,18271.379466056824,11207.245923042297,19639.16752719879,1506.7838188598587,,,,distributed,PUT,100gbps,67108864,false
1778203867,put_distributed,512MiB,2,srv01,8,2,64,18586,0,15738.310498460254,132.02251735386767,30.74418604651163,602.0,9.934694430878543e12,18508,598,15922.133267402649,14606.682052421571,16996.57456111908,12405.173364639282,18354.877866744995,965.7015838742985,,,,distributed,PUT,100gbps,536870912,false
1778204548,put_distributed,2GiB,2,srv01,8,2,64,4851,0,16363.296598304529,137.26528075091016,7.912396694214876,605.0,1.038068685678758e13,4787,600,16547.2226190567,15007.731929397582,17818.919776821134,13188.475721359253,20364.102605819702,1105.399002351617,,,,distributed,PUT,100gbps,2147483648,false
1778205232,put_distributed,4MiB,3,srv01,8,2,64,1986257,0,13152.517571451988,110.33131412002272,3288.1314475873546,601.0,8.288639973266707e12,1976167,597,13361.775527000427,12649.197417449952,13563.903800010681,11532.370797157288,13722.089920043945,384.3154055190789,,,,distributed,PUT,100gbps,4194304,false
1778206085,put_distributed,64MiB,3,srv01,8,2,64,153625,0,16280.507647934543,136.5707966995249,254.38602329450916,601.0,1.0259881102051807e13,152886,597,16113.642524719238,14512.015213012695,18601.947429847718,10596.723112106323,19586.141931533813,1684.5955653598191,,,,distributed,PUT,100gbps,67108864,false
1778206777,put_distributed,512MiB,3,srv01,8,2,64,19206,0,16253.169418159452,136.34146700652772,31.762458471760798,602.0,1.025969539224121e13,19121,598,16336.267371177673,14929.386102962495,18071.107896614078,12191.660784721375,19384.226963996887,1370.4605853040478,,,,distributed,PUT,100gbps,536870912,false
1778207458,put_distributed,2GiB,3,srv01,8,2,64,5025,0,16939.381357023896,142.09782996658151,8.2,605.0,1.0746148391222727e13,4961,600,17329.905109882355,15633.709780216217,18074.714824295042,14698.181496620178,20119.84489250183,921.2393692628626,,,,distributed,PUT,100gbps,2147483648,false
1778279339,get_distributed,4MiB,1,srv01,8,2,64,2744752,0,18036.813272115556,151.30375610897474,4509.199341021417,607.0,1.1480172494768457e13,2737084,603,18060.260969161987,17397.687081718446,19742.053958702087,0.0,20661.07253074646,1588.2086149752504,2.517993336065574,2.4062951967213113,4.557335918032789,distributed,GET,100gbps,4194304,false
1778280037,get_distributed,64MiB,1,srv01,8,2,64,183504,0,18650.36156698636,156.45057224371433,291.36464968152865,628.0,1.2281369921131574e13,182977,624,19129.386252880096,18036.456088256837,19729.706699466704,0.0,20525.012798309326,2060.552905080632,3.240929163934426,2.970146631147541,7.30588536885246,distributed,GET,100gbps,67108864,false
1778280752,get_distributed,512MiB,1,srv01,8,2,64,27174,1,18238.108876884846,152.99234602950725,35.62286465177398,761.0,1.4553396916056875e13,27109,757,18819.142820358276,17934.32315826416,19316.552031707764,0.0,20279.232151031494,2361.0861449126114,4.310937065573771,3.9207916721311475,10.841704827868853,distributed,GET,100gbps,536870912,false
1778281597,get_distributed,2GiB,1,srv01,8,2,64,10750,0,17870.70340967022,149.91032558798688,8.68780487804878,1230.0,2.3048712559152984e13,10686,1226,18476.48538160324,17770.32864522934,19553.865166664124,0.0,24020.437973976135,3004.0949410831886,6.043318672131148,5.551163213114754,17.61704209016393,distributed,GET,100gbps,2147483648,false
1778282913,get_distributed,4MiB,2,srv01,8,2,64,2777650,0,18258.1282530716,153.16028072874246,4564.572607260726,606.0,1.1601891265202242e13,2766131,602,18509.14714717865,17789.331037712098,19112.23614616394,0.0,19580.95855140686,1421.891548076175,2.5278954180327866,2.4126399918032786,4.496390524590163,distributed,GET,100gbps,4194304,false
1778283603,get_distributed,64MiB,2,srv01,8,2,64,182174,2,18491.374203783187,155.11688957684927,288.8996815286624,628.0,1.2176675831782668e13,181429,619,18980.774817466736,17824.97500476837,19757.213651275637,0.0,20363.817405700684,1636.0031748155454,3.2162492377049183,2.946632606557377,7.22244218852459,distributed,GET,100gbps,67108864,false
1778284321,get_distributed,512MiB,2,srv01,8,2,64,27747,2,18266.039088319383,153.2266416245887,35.641752577319586,776.0,1.4862984237585102e13,27658,768,19274.75874233246,18393.84975862503,19735.139941596986,0.0,22154.218821525574,3467.2318578697186,4.227649693548387,3.8747018225806453,9.827475911290323,distributed,GET,100gbps,536870912,false
1778285184,get_distributed,2GiB,2,srv01,8,2,64,10664,0,18722.95698942453,157.05954678514252,9.098712446351932,1165.0,2.287179650058638e13,10600,1161,19045.870135307312,18415.638105392456,19740.056686401367,0.0,22971.266463279724,1984.5282530121142,5.851858454545454,5.537112842975207,12.351713008264463,distributed,GET,100gbps,2147483648,false
1778286432,get_distributed,4MiB,3,srv01,8,2,64,2795496,0,18357.44015051741,153.99336930615155,4589.352553542009,607.0,1.1684246896104248e13,2785737,603,18642.125351905823,18122.231078910827,19001.25401992798,0.0,19297.202619552612,1440.2285360499316,2.4968520245901633,2.391622844262295,4.405675163934426,distributed,GET,100gbps,4194304,false
1778287117,get_distributed,64MiB,3,srv01,8,2,64,190329,2,19460.526595612402,163.24672908416696,304.07371794871796,624.0,1.2733244868565023e13,189742,620,19929.949905395508,18623.520443344114,20411.15477552414,0.0,20890.267592430115,1699.6247592982609,3.1298351311475407,2.89958687704918,6.551545770491803,distributed,GET,100gbps,67108864,false
1778287825,get_distributed,512MiB,3,srv01,8,2,64,26861,1,17333.391525581184,145.40302681862252,33.850821744627055,791.0,1.4376724276691303e13,26776,787,18459.221474647522,15113.394846343996,19158.429804039002,0.0,19863.238921165466,3050.2665746467155,4.18275112295082,3.853018590163934,10.750127983606557,distributed,GET,100gbps,536870912,false
1778288699,get_distributed,2GiB,3,srv01,8,2,64,10208,3,15268.364601180569,128.08032544038014,7.420629114850037,1367.0,2.1885725609624953e13,10144,1362,16529.375116348267,7291.29567527771,17951.413394355775,0.0,21439.52843093872,3545.370204947297,6.3822981475409835,5.629856827868853,20.40117106557377,distributed,GET,100gbps,2147483648,false
1774914923,mixed,512MiB,1,srv01,8,2,64,22799,0,19283.18877120475,161.75911159163834,37.6578073089701,602.0,1.2172373147270785e13,22670,598,19654.91459608078,17433.864246082307,21036.972992420197,11429.75196647644,22394.18155479431,1439.181432781109,4.189648860655738,3.693008614754099,21.654121278688525,mixed,MIXED,100gbps,536870912,false
1774915746,mixed,4MiB,1,srv01,8,2,64,2817234,0,18657.697383417533,156.51210953211537,4664.424292845258,601.0,1.1757972228600168e13,2803319,597,18786.03391456604,18521.59172382355,19031.71027107239,18083.527676582336,19368.122493743896,208.64567238095802,2.6937715163934426,2.525016475409836,6.7642304180327875,mixed,MIXED,100gbps,4194304,false
1774916487,mixed,512MiB,2,srv01,8,2,64,21915,0,18547.269209596772,155.58577086977715,36.2109634551495,602.0,1.1707829257950732e13,21799,598,18740.49107694626,16823.404973316192,20405.35556821823,14386.716999053955,21769.634963989258,1427.7354718047177,4.451480672131147,3.736528598360656,40.96810175409836,mixed,MIXED,100gbps,536870912,false
1774917308,mixed,4MiB,2,srv01,8,2,64,2700527,0,17883.95554045003,150.02149251826347,4470.995016611296,602.0,1.1289117311999324e13,2691539,598,18016.76526451111,17761.4705329895,18213.16963710785,17359.38379383087,18398.556754112244,179.56400896774056,2.677921114754098,2.504518426229508,5.096219352459017,mixed,MIXED,100gbps,4194304,false
1774918045,mixed,512MiB,3,srv01,8,2,64,22987,0,19428.06342743892,162.97440829192155,37.897350993377486,604.0,1.2304567826040076e13,22890,600,19711.408315181732,18135.308115673066,20931.889398384097,1504.742359161377,22282.933042526245,1402.6764496153933,4.322473704918032,3.7310409918032788,32.326504795081966,mixed,MIXED,100gbps,536870912,false
1774918863,mixed,4MiB,3,srv01,8,2,64,2842978,0,18812.1322491083,157.80760308192788,4703.031561461794,602.0,1.1875022131915074e13,2831225,597,18969.461488723755,18740.231719970703,19172.95125656128,15890.478435516357,19570.986187934875,214.42735986839847,2.6710704836065573,2.517660327868852,4.927948975409836,mixed,MIXED,100gbps,4194304,false
1774970423,put_1gbps,4MiB,1,srv01,8,2,8,17691,0,232.7045897389122,1.9520675831205567,58.182724252491695,301.0,7.344654281491095e10,17513,297,236.04053401947021,235.68904666900636,236.2353422164917,221.77059745788574,237.14099216461182,1.2620547684278827,,,,throttled,PUT,1gbps,4194304,false
1774971203,put_1gbps,512MiB,1,srv01,8,2,8,144,0,233.2649735820915,1.9567684235105214,0.43312101910828027,314.0,7.680316062278796e10,136,310,235.6901512145996,219.02986249923705,250.53173732757568,110.61499404907227,286.6686820983887,15.286305475567511,,,,throttled,PUT,1gbps,536870912,false
1774972021,put_1gbps,4MiB,2,srv01,8,2,8,17705,0,232.88841175853872,1.953609593984972,58.22923588039867,301.0,7.350456097368457e10,17527,297,236.0552282333374,235.75931682586668,236.21967639923096,235.27853965759277,236.7874174118042,0.20260396331413016,,,,throttled,PUT,1gbps,4194304,false
1774972801,put_1gbps,512MiB,2,srv01,8,2,8,142,0,233.01977719705468,1.9547115671534305,0.432258064516129,310.0,7.574507322719543e10,134,305,237.32544898986816,217.70782089233398,253.45955848693848,171.92139720916748,280.864896774292,15.589669571903071,,,,throttled,PUT,1gbps,536870912,false
1774973617,put_1gbps,4MiB,3,srv01,8,2,8,17705,0,232.8823084759009,1.9535583959394103,58.21926910299003,301.0,7.35026346472203e10,17524,297,236.04607486724854,235.77490997314453,236.24572696685794,234.78958988189697,237.48888683319092,0.23994126641751162,,,,throttled,PUT,1gbps,4194304,false
1774974397,put_1gbps,512MiB,3,srv01,8,2,8,142,0,230.20802027229416,1.931124840520329,0.4267515923566879,314.0,7.579664999042291e10,134,310,238.42381858825684,212.11442470550537,254.1978754043579,70.26924800872803,284.2917375564575,24.415555109542918,,,,throttled,PUT,1gbps,536870912,false
1775122440,put_1gbps,64MiB,1,srv01,8,2,8,1109,0,232.81270112221233,1.9529744871353993,3.642384105960265,302.0,7.372478688936133e10,1100,298,236.17673063278198,228.49671192169188,243.7920065879822,195.21017265319824,264.30813789367676,8.089953493713717,,,,throttled,PUT,1gbps,67108864,false
1775123240,put_1gbps,64MiB,2,srv01,8,2,8,1112,0,232.96502831882873,1.9542523002755532,3.6456953642384105,302.0,7.377302433540213e10,1101,298,236.18375778198242,225.1281714439392,247.67428216934206,206.4570484161377,265.74391174316406,8.80886517695419,,,,throttled,PUT,1gbps,67108864,false
1775124037,put_1gbps,64MiB,3,srv01,8,2,8,1108,0,232.92773315974895,1.9539394458057353,3.6511627906976742,301.0,7.35169716484408e10,1099,297,236.2744436264038,225.68129005432127,245.781990814209,204.75958347320557,264.6515111923218,8.356436777816285,,,,throttled,PUT,1gbps,67108864,false
1774970806,get_1gbps,4MiB,1,srv01,8,2,8,17740,0,218.90769138515762,1.8363308112150643,54.72670807453416,322.0,7.391231515140634e10,17622,318,223.93533754348755,209.70512914657593,236.24416217803957,0.0,237.53879642486572,23.610378886353363,8.29930772580645,8.340734806451612,13.758204451612906,throttled,GET,1gbps,4194304,false
1774971596,get_1gbps,512MiB,1,srv01,8,2,8,155,0,225.5968993881792,1.892443954982875,0.42120343839541546,349.0,8.255786753612793e10,147,345,228.33538436889648,198.1972478866577,263.64992828369145,0.0,300.15195083618164,37.1243515110596,9.527242300000001,11.1863461,11.375177433333333,throttled,GET,1gbps,536870912,false
1774972404,get_1gbps,4MiB,2,srv01,8,2,8,17752,0,218.98539665055034,1.8369826502259798,54.74454828660436,321.0,7.370892884031744e10,17573,317,224.07241439819336,210.33215160369872,236.33552875518797,0.0,238.38543319702148,23.09081102052594,8.412938838709678,8.48667085483871,13.844718290322582,throttled,GET,1gbps,4194304,false
1774973190,get_1gbps,512MiB,2,srv01,8,2,8,157,0,227.08672179329014,1.904941491128968,0.42329545454545453,352.0,8.381742560967459e10,149,345,239.83067512512207,190.45446090698243,273.47460002899174,0.0,299.85007762908936,38.21581479627754,10.017876711864409,12.132412508474575,12.390276440677967,throttled,GET,1gbps,536870912,false
1774974000,get_1gbps,4MiB,3,srv01,8,2,8,17751,0,219.02471555521734,1.8373124811042205,54.757009345794394,321.0,7.372216330430685e10,17577,317,224.44300174713135,208.40376663208008,236.34551334381104,0.0,238.3190746307373,22.938240955079152,8.118900903225805,8.145164806451612,13.580061483870967,throttled,GET,1gbps,4194304,false
1774974790,get_1gbps,512MiB,3,srv01,8,2,8,155,0,226.3430139427545,1.898702817504302,0.4224137931034483,348.0,8.259357256143713e10,147,342,232.91485595703125,194.83468351364135,275.30406351089476,0.0,297.6895866394043,36.85782875487189,9.523575950000001,11.561175100000002,11.889354383333334,throttled,GET,1gbps,536870912,false
1775122823,get_1gbps,64MiB,1,srv01,8,2,8,1228,0,228.39738078407677,1.9159360956243527,3.5718475073313782,341.0,8.166677607598804e10,1218,336,233.93847942352295,214.5924129486084,253.25811195373538,0.0,285.7119903564453,27.433466357723646,9.787208098360654,9.78898481967213,15.598065213114754,throttled,GET,1gbps,67108864,false
1775123621,get_1gbps,64MiB,2,srv01,8,2,8,1228,0,228.99875219573218,1.9209807646591366,3.588235294117647,340.0,8.16416824980133e10,1220,336,234.54788732528687,212.25169038772583,255.59056997299194,0.0,273.2076187133789,28.212393092586424,9.764498639344264,9.702603819672133,15.589070770491803,throttled,GET,1gbps,67108864,false
1775124419,get_1gbps,64MiB,3,srv01,8,2,8,1226,0,228.3556913811404,1.9155863795653654,3.5718475073313782,341.0,8.16518694289737e10,1218,337,233.9223394393921,213.58294372558595,253.60687046051027,0.0,276.5497159957886,27.571443989561264,9.40995341935484,9.496890806451612,15.051376612903224,throttled,GET,1gbps,67108864,false
1774947225,put_10gbps,4MiB,1,srv01,8,2,64,177253,0,2331.4230759756115,19.557394266513622,582.8372093023256,301.0,7.358469592775751e11,175434,297,2362.858841896057,2362.2210653305056,2363.46267414093,2358.9459590911865,2366.870376586914,0.9167954618473599,,,,throttled,PUT,10gbps,4194304,false
1774948008,put_10gbps,512MiB,1,srv01,8,2,64,1413,0,2331.8726704762826,19.56116573853871,4.37987012987013,308.0,7.531048809337402e11,1349,304,2361.225645542145,2352.2587740898134,2372.6874125480654,767.2329425811768,2877.3287744522095,107.6070133939428,,,,throttled,PUT,10gbps,536870912,false
1774949880,put_10gbps,4MiB,2,srv01,8,2,64,177190,0,2330.750645267357,19.55175350889491,582.7408637873754,301.0,7.356347257721711e11,175405,297,2362.7308444976807,2360.12449760437,2363.118276977539,2354.076982498169,2366.4678688049316,1.6872246115187572,,,,throttled,PUT,10gbps,4194304,false
1774950663,put_10gbps,512MiB,2,srv01,8,2,64,1413,0,2330.1048391607465,19.54633609462255,4.37987012987013,308.0,7.525339396429683e11,1349,304,2362.046284198761,2351.209352016449,2378.2309189796447,935.2649831771851,2827.393183708191,125.02258074893588,,,,throttled,PUT,10gbps,536870912,false
1774952535,put_10gbps,4MiB,3,srv01,8,2,64,177244,0,2331.501336056556,19.558050759654712,582.8741721854304,302.0,7.383164161769653e11,176028,298,2362.7857151031494,2361.985626888275,2363.5273008346558,2355.3177213668823,2371.603286743164,1.2219851711446494,,,,throttled,PUT,10gbps,4194304,false
1774953318,put_10gbps,512MiB,3,srv01,8,2,64,1413,0,2338.5607588851162,19.617269490469756,4.394136807817589,307.0,7.528127166967769e11,1349,303,2362.751847267151,2347.1034955978394,2375.6799919128416,1924.28564453125,2880.364604949951,63.99020931432766,,,,throttled,PUT,10gbps,536870912,false
1775124986,put_10gbps,64MiB,1,srv01,8,2,64,11100,0,2330.809555558487,19.552247684234366,36.48172757475083,301.0,7.356533191193181e11,10981,297,2363.7171516418457,2261.179360580444,2463.6340192794796,2199.6869173049927,2517.8389463424683,79.93366817948174,,,,throttled,PUT,10gbps,67108864,false
1775125785,put_10gbps,64MiB,2,srv01,8,2,64,11106,0,2331.7253639533164,19.5599300418617,36.413907284768214,302.0,7.383873590802793e11,10997,298,2361.057319164276,2237.31556930542,2480.51234292984,2167.4603748321533,2571.961462020874,91.39071509014714,,,,throttled,PUT,10gbps,67108864,false
1775126583,put_10gbps,64MiB,3,srv01,8,2,64,11096,0,2328.4787339499744,19.53269533544263,36.36754966887417,302.0,7.373592489129592e11,10983,298,2361.64382314682,2211.670821094513,2513.117733860016,2098.7675457000732,2590.1722898483276,111.18779581577,,,,throttled,PUT,10gbps,67108864,false
1774947618,get_10gbps,4MiB,1,srv01,8,2,64,180863,0,2287.9623443006067,19.192819225098823,572.0479233226837,313.0,7.509190521819915e11,179051,309,2340.9009141921997,2318.393642807007,2365.74012966156,0.0,2379.104112625122,234.97321374118368,11.945309903225807,12.013701193548389,16.904956129032257,throttled,GET,10gbps,4194304,false
1774948394,get_10gbps,512MiB,1,srv01,8,2,64,6467,0,2344.9473971338716,19.67084449517637,4.54113475177305,1410.0,3.466986342274836e12,6403,1406,2362.463709831238,2336.9798374176025,2374.9905109405518,0.0,2868.2570428848267,138.45916069474097,10.892701677419359,10.9474225,12.816072564516128,throttled,GET,10gbps,536870912,false
1774950274,get_10gbps,4MiB,2,srv01,8,2,64,181217,0,2292.855893997663,19.233869295235948,573.2172523961661,313.0,7.525251361761064e11,179417,309,2352.032573699951,2319.581326675415,2366.3658950805666,0.0,2381.365216255188,233.31742071619664,11.752815935483868,11.7154155,16.523707935483873,throttled,GET,10gbps,4194304,false
1774951051,get_10gbps,512MiB,2,srv01,8,2,64,6462,0,2347.248941208947,19.690151246216903,4.544034090909091,1408.0,3.4654666193341753e12,6398,1404,2361.9724621772766,2336.236731147766,2380.8230008125306,0.0,3226.2847118377686,147.08657943908452,11.332053306451611,11.390016338709678,14.783463725806453,throttled,GET,10gbps,536870912,false
1774952929,get_10gbps,4MiB,3,srv01,8,2,64,181150,0,2291.838586008732,19.225335497301536,572.9392971246007,313.0,7.521912513319226e11,179330,309,2349.4006271362305,2317.311135482788,2366.4225215911865,0.0,2380.2532272338867,233.80693844564667,11.14829098387097,11.05987772580645,15.776862258064517,throttled,GET,10gbps,4194304,false
1774953706,get_10gbps,512MiB,3,srv01,8,2,64,6464,0,2347.433126973821,19.69169630839761,4.545454545454546,1408.0,3.4657385502779795e12,6400,1403,2360.8121099472046,2337.0546144485475,2383.231792449951,0.0,2794.5890016555786,130.9189756688436,10.770954360655738,10.94517219672131,12.942950180327868,throttled,GET,10gbps,536870912,false
1775125369,get_10gbps,64MiB,1,srv01,8,2,64,12364,0,2307.004648189013,19.35255764783554,36.00879765395894,341.0,8.249027697389899e11,12279,337,2359.9381132125854,2332.889396858215,2375.7060403823853,0.0,2616.691436767578,231.7118233577577,10.293226612903227,10.353898596774194,12.466884467741934,throttled,GET,10gbps,67108864,false
1775126166,get_10gbps,64MiB,2,srv01,8,2,64,12358,0,2305.7729805875715,19.342225671140746,36.05882352941177,340.0,8.220445910234817e11,12260,336,2359.176540374756,2330.9524731636047,2382.4548926353455,0.0,2544.1403007507324,233.84497417691676,10.796074131147542,10.92891186885246,13.351270704918036,throttled,GET,10gbps,67108864,false
1775126966,get_10gbps,64MiB,3,srv01,8,2,64,12358,0,2305.8123246074488,19.34255571270064,36.082352941176474,340.0,8.220586177897773e11,12268,336,2358.9706177711487,2330.9316239356995,2380.9523963928223,0.0,2483.7283115386963,231.91828672707894,10.265177612903226,10.37503320967742,12.972891500000001,throttled,GET,10gbps,67108864,false
