site,size,size_bytes,eo_type,rep,upload_ms,replication_ms,replicated,integrity,throughput_mibs,poll_timeout_s
aws/ap-northeast-1,4MiB,4194304,Zarr chunk,1,88,38373,true,verified,0.10423996038881506,600
aws/ap-northeast-1,4MiB,4194304,Zarr chunk,2,339,7850,true,verified,0.5095541401273885,600
aws/ap-northeast-1,4MiB,4194304,Zarr chunk,3,339,7519,true,verified,0.5319856363878175,600
aws/ap-northeast-1,64MiB,67108864,COG tile,1,628,63122,true,verified,1.0139095719400526,600
aws/ap-northeast-1,64MiB,67108864,COG tile,2,574,65965,true,verified,0.970211475782612,600
aws/ap-northeast-1,64MiB,67108864,COG tile,3,579,68968,true,verified,0.9279665932026447,600
aws/ap-northeast-1,512MiB,536870912,Sentinel-2 granule,1,5564,518589,true,verified,0.9872943699152894,600
aws/ap-northeast-1,512MiB,536870912,Sentinel-2 granule,2,5188,518167,true,verified,0.9880984315867278,600
aws/ap-northeast-1,512MiB,536870912,Sentinel-2 granule,3,5463,484243,true,verified,1.0573203949256882,600
aws/ap-northeast-2,4MiB,4194304,Zarr chunk,1,65,40810,true,verified,0.098015192354815,600
aws/ap-northeast-2,4MiB,4194304,Zarr chunk,2,314,7366,true,verified,0.5430355688297583,600
aws/ap-northeast-2,4MiB,4194304,Zarr chunk,3,319,7365,true,verified,0.5431093007467753,600
aws/ap-northeast-2,64MiB,67108864,COG tile,1,570,56098,true,verified,1.1408606367428429,600
aws/ap-northeast-2,64MiB,67108864,COG tile,2,526,55985,true,verified,1.1431633473251763,600
aws/ap-northeast-2,64MiB,67108864,COG tile,3,530,55960,true,verified,1.143674052894925,600
aws/ap-northeast-2,512MiB,536870912,Sentinel-2 granule,1,5665,426926,true,verified,1.1992710680539485,600
aws/ap-northeast-2,512MiB,536870912,Sentinel-2 granule,2,5507,396392,true,verified,1.291650689216735,600
aws/ap-northeast-2,512MiB,536870912,Sentinel-2 granule,3,4954,426796,true,verified,1.1996363602283058,600
aws/ap-northeast-3,4MiB,4194304,Zarr chunk,1,62,38594,true,verified,0.10364305332435093,600
aws/ap-northeast-3,4MiB,4194304,Zarr chunk,2,320,7489,true,verified,0.5341167044999332,600
aws/ap-northeast-3,4MiB,4194304,Zarr chunk,3,328,13762,true,verified,0.29065542799011773,600
aws/ap-northeast-3,64MiB,67108864,COG tile,1,557,59980,true,verified,1.0670223407802601,600
aws/ap-northeast-3,64MiB,67108864,COG tile,2,572,61996,true,verified,1.0323246661074907,600
aws/ap-northeast-3,64MiB,67108864,COG tile,3,682,63192,true,verified,1.012786428661856,600
aws/ap-northeast-3,512MiB,536870912,Sentinel-2 granule,1,6302,490155,true,verified,1.0445675347594128,600
aws/ap-northeast-3,512MiB,536870912,Sentinel-2 granule,2,5484,489835,true,verified,1.0452499310992478,600
aws/ap-northeast-3,512MiB,536870912,Sentinel-2 granule,3,5009,486831,true,verified,1.051699665797782,600
aws/ap-south-1,4MiB,4194304,Zarr chunk,1,66,38577,true,verified,0.10368872644321746,600
aws/ap-south-1,4MiB,4194304,Zarr chunk,2,219,7579,true,verified,0.527774112679773,600
aws/ap-south-1,4MiB,4194304,Zarr chunk,3,221,3664,true,verified,1.091703056768559,600
aws/ap-south-1,64MiB,67108864,COG tile,1,505,32826,true,verified,1.949674038871626,600
aws/ap-south-1,64MiB,67108864,COG tile,2,466,29907,true,verified,2.139967231751764,600
aws/ap-south-1,64MiB,67108864,COG tile,3,505,29896,true,verified,2.1407546160021407,600
aws/ap-south-1,512MiB,536870912,Sentinel-2 granule,1,6338,229986,true,verified,2.2262224657153045,600
aws/ap-south-1,512MiB,536870912,Sentinel-2 granule,2,6200,231010,true,verified,2.2163542703779058,600
aws/ap-south-1,512MiB,536870912,Sentinel-2 granule,3,5182,231104,true,verified,2.215452783162559,600
aws/ap-southeast-1,4MiB,4194304,Zarr chunk,1,79,37909,true,verified,0.1055158405655649,600
aws/ap-southeast-1,4MiB,4194304,Zarr chunk,2,258,3792,true,verified,1.0548523206751055,600
aws/ap-southeast-1,4MiB,4194304,Zarr chunk,3,252,3795,true,verified,1.0540184453227932,600
aws/ap-southeast-1,64MiB,67108864,COG tile,1,561,40278,true,verified,1.588956750583445,600
aws/ap-southeast-1,64MiB,67108864,COG tile,2,576,40194,true,verified,1.5922774543464198,600
aws/ap-southeast-1,64MiB,67108864,COG tile,3,544,37400,true,verified,1.7112299465240641,600
aws/ap-southeast-1,512MiB,536870912,Sentinel-2 granule,1,6331,296430,true,verified,1.7272205917079917,600
aws/ap-southeast-1,512MiB,536870912,Sentinel-2 granule,2,5281,294761,true,verified,1.7370004851388074,600
aws/ap-southeast-1,512MiB,536870912,Sentinel-2 granule,3,4824,294841,true,verified,1.7365291801343774,600
aws/ap-southeast-2,4MiB,4194304,Zarr chunk,1,83,39341,true,verified,0.10167509722681173,600
aws/ap-southeast-2,4MiB,4194304,Zarr chunk,2,342,7753,true,verified,0.5159293176834774,600
aws/ap-southeast-2,4MiB,4194304,Zarr chunk,3,346,7754,true,verified,0.5158627805003869,600
aws/ap-southeast-2,64MiB,67108864,COG tile,1,578,61402,true,verified,1.0423113253639946,600
aws/ap-southeast-2,64MiB,67108864,COG tile,2,596,63566,true,verified,1.0068275493188181,600
aws/ap-southeast-2,64MiB,67108864,COG tile,3,613,61440,true,verified,1.0416666666666667,600
aws/ap-southeast-2,512MiB,536870912,Sentinel-2 granule,1,5775,478591,true,verified,1.0698069959527028,600
aws/ap-southeast-2,512MiB,536870912,Sentinel-2 granule,2,5429,478586,true,verified,1.0698181727004132,600
aws/ap-southeast-2,512MiB,536870912,Sentinel-2 granule,3,5090,478498,true,verified,1.0700149216924626,600
aws/ca-central-1,4MiB,4194304,Zarr chunk,1,93,44232,true,verified,0.09043226623259179,600
aws/ca-central-1,4MiB,4194304,Zarr chunk,2,193,4784,true,verified,0.8361204013377926,600
aws/ca-central-1,4MiB,4194304,Zarr chunk,3,202,3260,true,verified,1.2269938650306749,600
aws/ca-central-1,64MiB,67108864,COG tile,1,443,37195,true,verified,1.7206613792176368,600
aws/ca-central-1,64MiB,67108864,COG tile,2,531,48450,true,verified,1.3209494324045408,600
aws/ca-central-1,64MiB,67108864,COG tile,3,587,123419,true,verified,0.5185587308275063,600
aws/ca-central-1,512MiB,536870912,Sentinel-2 granule,1,5586,600149,false,timeout,,600
aws/ca-central-1,512MiB,536870912,Sentinel-2 granule,2,5981,600819,false,timeout,,600
aws/ca-central-1,512MiB,536870912,Sentinel-2 granule,3,6142,602233,false,timeout,,600
aws/eu-central-1,4MiB,4194304,Zarr chunk,1,89,42933,true,verified,0.09316842522069271,600
aws/eu-central-1,4MiB,4194304,Zarr chunk,2,128,2696,true,verified,1.4836795252225519,600
aws/eu-central-1,4MiB,4194304,Zarr chunk,3,139,1460,true,verified,2.73972602739726,600
aws/eu-central-1,64MiB,67108864,COG tile,1,370,15333,true,verified,4.174003782690928,600
aws/eu-central-1,64MiB,67108864,COG tile,2,406,14601,true,verified,4.383261420450654,600
aws/eu-central-1,64MiB,67108864,COG tile,3,407,15943,true,verified,4.01430094712413,600
aws/eu-central-1,512MiB,536870912,Sentinel-2 granule,1,5693,109573,true,verified,4.672683964115247,600
aws/eu-central-1,512MiB,536870912,Sentinel-2 granule,2,5253,105996,true,verified,4.830370957394619,600
aws/eu-central-1,512MiB,536870912,Sentinel-2 granule,3,5234,104347,true,verified,4.906705511418632,600
aws/eu-north-1,4MiB,4194304,Zarr chunk,1,65,41235,true,verified,0.09700497150478962,600
aws/eu-north-1,4MiB,4194304,Zarr chunk,2,149,2839,true,verified,1.4089468122578372,600
aws/eu-north-1,4MiB,4194304,Zarr chunk,3,149,3156,true,verified,1.267427122940431,600
aws/eu-north-1,64MiB,67108864,COG tile,1,417,18539,true,verified,3.4521818868331624,600
aws/eu-north-1,64MiB,67108864,COG tile,2,463,19367,true,verified,3.3045902824392006,600
aws/eu-north-1,64MiB,67108864,COG tile,3,383,20733,true,verified,3.0868663483335745,600
aws/eu-north-1,512MiB,536870912,Sentinel-2 granule,1,5760,137658,true,verified,3.7193624780252508,600
aws/eu-north-1,512MiB,536870912,Sentinel-2 granule,2,5558,129217,true,verified,3.9623269384059374,600
aws/eu-north-1,512MiB,536870912,Sentinel-2 granule,3,5674,131433,true,verified,3.8955209117953635,600
aws/eu-west-1,4MiB,4194304,Zarr chunk,1,92,44656,true,verified,0.08957362952346828,600
aws/eu-west-1,4MiB,4194304,Zarr chunk,2,136,3018,true,verified,1.3253810470510272,600
aws/eu-west-1,4MiB,4194304,Zarr chunk,3,139,3034,true,verified,1.3183915622940012,600
aws/eu-west-1,64MiB,67108864,COG tile,1,440,16947,true,verified,3.7764796129108396,600
aws/eu-west-1,64MiB,67108864,COG tile,2,384,15794,true,verified,4.0521717107762445,600
aws/eu-west-1,64MiB,67108864,COG tile,3,429,16129,true,verified,3.968007936015872,600
aws/eu-west-1,512MiB,536870912,Sentinel-2 granule,1,5786,117202,true,verified,4.3685261343663075,600
aws/eu-west-1,512MiB,536870912,Sentinel-2 granule,2,6252,117996,true,verified,4.3391301400047455,600
aws/eu-west-1,512MiB,536870912,Sentinel-2 granule,3,5305,112051,true,verified,4.569347886230378,600
aws/eu-west-2,4MiB,4194304,Zarr chunk,1,88,42682,true,verified,0.09371632069724943,600
aws/eu-west-2,4MiB,4194304,Zarr chunk,2,127,2662,true,verified,1.5026296018031555,600
aws/eu-west-2,4MiB,4194304,Zarr chunk,3,412,2928,true,verified,1.366120218579235,600
aws/eu-west-2,64MiB,67108864,COG tile,1,356,14419,true,verified,4.438587974200708,600
aws/eu-west-2,64MiB,67108864,COG tile,2,661,15491,true,verified,4.131431153573042,600
aws/eu-west-2,64MiB,67108864,COG tile,3,405,14940,true,verified,4.28380187416332,600
aws/eu-west-2,512MiB,536870912,Sentinel-2 granule,1,5781,101631,true,verified,5.0378329446723935,600
aws/eu-west-2,512MiB,536870912,Sentinel-2 granule,2,5570,104931,true,verified,4.879396937034813,600
aws/eu-west-2,512MiB,536870912,Sentinel-2 granule,3,5183,96552,true,verified,5.302841991880023,600
aws/eu-west-3,4MiB,4194304,Zarr chunk,1,92,41262,true,verified,0.0969414958072803,600
aws/eu-west-3,4MiB,4194304,Zarr chunk,2,119,2915,true,verified,1.3722126929674099,600
aws/eu-west-3,4MiB,4194304,Zarr chunk,3,123,2861,true,verified,1.3981125480601189,600
aws/eu-west-3,64MiB,67108864,COG tile,1,397,14295,true,verified,4.477089891570479,600
aws/eu-west-3,64MiB,67108864,COG tile,2,402,13089,true,verified,4.889601955840782,600
aws/eu-west-3,64MiB,67108864,COG tile,3,369,13863,true,verified,4.616605352376831,600
aws/eu-west-3,512MiB,536870912,Sentinel-2 granule,1,6086,96258,true,verified,5.3190384175860705,600
aws/eu-west-3,512MiB,536870912,Sentinel-2 granule,2,5465,96224,true,verified,5.320917858330562,600
aws/eu-west-3,512MiB,536870912,Sentinel-2 granule,3,5152,91556,true,verified,5.592205863078335,600
aws/sa-east-1,4MiB,4194304,Zarr chunk,1,85,40368,true,verified,0.09908838684106223,600
aws/sa-east-1,4MiB,4194304,Zarr chunk,2,301,7231,true,verified,0.5531738348776103,600
aws/sa-east-1,4MiB,4194304,Zarr chunk,3,303,7271,true,verified,0.5501306560308074,600
aws/sa-east-1,64MiB,67108864,COG tile,1,2385,52244,true,verified,1.2250210550493836,600
aws/sa-east-1,64MiB,67108864,COG tile,2,530,49469,true,verified,1.2937395136348016,600
aws/sa-east-1,64MiB,67108864,COG tile,3,548,50683,true,verified,1.2627508237476077,600
aws/sa-east-1,512MiB,536870912,Sentinel-2 granule,1,5448,404425,true,verified,1.265994931074983,600
aws/sa-east-1,512MiB,536870912,Sentinel-2 granule,2,5269,512768,true,verified,0.9985022466300549,600
aws/sa-east-1,512MiB,536870912,Sentinel-2 granule,3,5921,498189,true,verified,1.0277224105710885,600
aws/us-east-1,4MiB,4194304,Zarr chunk,1,90,42204,true,verified,0.09477774618519572,600
aws/us-east-1,4MiB,4194304,Zarr chunk,2,513,3118,true,verified,1.2828736369467608,600
aws/us-east-1,4MiB,4194304,Zarr chunk,3,179,3111,true,verified,1.2857602057216329,600
aws/us-east-1,64MiB,67108864,COG tile,1,450,25511,true,verified,2.50872172788209,600
aws/us-east-1,64MiB,67108864,COG tile,2,1015,25219,true,verified,2.5377691423133353,600
aws/us-east-1,64MiB,67108864,COG tile,3,517,23498,true,verified,2.7236360541322666,600
aws/us-east-1,512MiB,536870912,Sentinel-2 granule,1,6089,179488,true,verified,2.8525583883045105,600
aws/us-east-1,512MiB,536870912,Sentinel-2 granule,2,5465,169972,true,verified,3.01226084296237,600
aws/us-east-1,512MiB,536870912,Sentinel-2 granule,3,5317,169819,true,verified,3.014974767252192,600
aws/us-east-2,4MiB,4194304,Zarr chunk,1,99,40167,true,verified,0.0995842358154704,600
aws/us-east-2,4MiB,4194304,Zarr chunk,2,315,5301,true,verified,0.7545746085644218,600
aws/us-east-2,4MiB,4194304,Zarr chunk,3,203,3598,true,verified,1.1117287381878822,600
aws/us-east-2,64MiB,67108864,COG tile,1,441,28019,true,verified,2.2841643170705592,600
aws/us-east-2,64MiB,67108864,COG tile,2,457,27512,true,verified,2.3262576330328586,600
aws/us-east-2,64MiB,67108864,COG tile,3,476,27316,true,verified,2.3429491872895007,600
aws/us-east-2,512MiB,536870912,Sentinel-2 granule,1,5706,197907,true,verified,2.5870737265483283,600
aws/us-east-2,512MiB,536870912,Sentinel-2 granule,2,5944,199535,true,verified,2.5659658706492596,600
aws/us-east-2,512MiB,536870912,Sentinel-2 granule,3,5035,199053,true,verified,2.5721792688379477,600
aws/us-west-1,4MiB,4194304,Zarr chunk,1,95,44015,true,verified,0.0908781097353175,600
aws/us-west-1,4MiB,4194304,Zarr chunk,2,247,3754,true,verified,1.0655301012253595,600
aws/us-west-1,4MiB,4194304,Zarr chunk,3,248,3951,true,verified,1.0124019235636548,600
aws/us-west-1,64MiB,67108864,COG tile,1,493,39971,true,verified,1.6011608416101675,600
aws/us-west-1,64MiB,67108864,COG tile,2,603,37102,true,verified,1.7249743949113254,600
aws/us-west-1,64MiB,67108864,COG tile,3,518,37155,true,verified,1.7225137935674875,600
aws/us-west-1,512MiB,536870912,Sentinel-2 granule,1,5508,285667,true,verified,1.7922966250914527,600
aws/us-west-1,512MiB,536870912,Sentinel-2 granule,2,4950,285089,true,verified,1.7959303936665392,600
aws/us-west-1,512MiB,536870912,Sentinel-2 granule,3,5237,287609,true,verified,1.780194639249815,600
aws/us-west-2,4MiB,4194304,Zarr chunk,1,65,37868,true,verified,0.10563008344776592,600
aws/us-west-2,4MiB,4194304,Zarr chunk,2,259,3870,true,verified,1.0335917312661498,600
aws/us-west-2,4MiB,4194304,Zarr chunk,3,258,3863,true,verified,1.0354646647683148,600
aws/us-west-2,64MiB,67108864,COG tile,1,521,40572,true,verified,1.577442571231391,600
aws/us-west-2,64MiB,67108864,COG tile,2,620,40657,true,verified,1.5741446737339204,600
aws/us-west-2,64MiB,67108864,COG tile,3,532,40677,true,verified,1.5733707008874793,600
aws/us-west-2,512MiB,536870912,Sentinel-2 granule,1,5714,315993,true,verified,1.6202890570360735,600
aws/us-west-2,512MiB,536870912,Sentinel-2 granule,2,5628,313240,true,verified,1.6345294342995786,600
aws/us-west-2,512MiB,536870912,Sentinel-2 granule,3,5331,312334,true,verified,1.6392707806386753,600
gcp/africa-south1,4MiB,4194304,Zarr chunk,1,130,40684,true,verified,0.09831874938550782,600
gcp/africa-south1,4MiB,4194304,Zarr chunk,2,334,4170,true,verified,0.9592326139088729,600
gcp/africa-south1,4MiB,4194304,Zarr chunk,3,338,8489,true,verified,0.4711980209683119,600
gcp/africa-south1,64MiB,67108864,COG tile,1,1888,62034,true,verified,1.0316922977721894,600
gcp/africa-south1,64MiB,67108864,COG tile,2,1276,60420,true,verified,1.059251903343264,600
gcp/africa-south1,64MiB,67108864,COG tile,3,1915,63067,true,verified,1.014793790730493,600
gcp/africa-south1,512MiB,536870912,Sentinel-2 granule,1,8553,448960,true,verified,1.1404133998574484,600
gcp/africa-south1,512MiB,536870912,Sentinel-2 granule,2,8353,432369,true,verified,1.1841737034801292,600
gcp/africa-south1,512MiB,536870912,Sentinel-2 granule,3,9558,388665,true,verified,1.3173298341759614,600
gcp/asia-east1,4MiB,4194304,Zarr chunk,1,241,41511,true,verified,0.0963600009636,600
gcp/asia-east1,4MiB,4194304,Zarr chunk,2,468,8123,true,verified,0.49242890557675734,600
gcp/asia-east1,4MiB,4194304,Zarr chunk,3,459,8725,true,verified,0.4584527220630373,600
gcp/asia-east1,64MiB,67108864,COG tile,1,1908,67613,true,verified,0.9465635306819694,600
gcp/asia-east1,64MiB,67108864,COG tile,2,2227,68419,true,verified,0.9354126777649483,600
gcp/asia-east1,64MiB,67108864,COG tile,3,1791,68295,true,verified,0.9371110623032433,600
gcp/asia-east1,512MiB,536870912,Sentinel-2 granule,1,10309,508678,true,verified,1.0065306539697019,600
gcp/asia-east1,512MiB,536870912,Sentinel-2 granule,2,10491,552777,true,verified,0.9262324590205454,600
gcp/asia-east1,512MiB,536870912,Sentinel-2 granule,3,10985,522523,true,verified,0.9798611735751345,600
gcp/asia-east2,4MiB,4194304,Zarr chunk,1,194,40948,true,verified,0.09768486861385171,600
gcp/asia-east2,4MiB,4194304,Zarr chunk,2,457,7984,true,verified,0.501002004008016,600
gcp/asia-east2,4MiB,4194304,Zarr chunk,3,487,8534,true,verified,0.46871338176704946,600
gcp/asia-east2,64MiB,67108864,COG tile,1,1882,67465,true,verified,0.9486400355740013,600
gcp/asia-east2,64MiB,67108864,COG tile,2,2488,66264,true,verified,0.9658336351563444,600
gcp/asia-east2,64MiB,67108864,COG tile,3,2215,66234,true,verified,0.9662710994353353,600
gcp/asia-east2,512MiB,536870912,Sentinel-2 granule,1,10801,496694,true,verified,1.030815753763887,600
gcp/asia-east2,512MiB,536870912,Sentinel-2 granule,2,9837,529879,true,verified,0.9662583344499405,600
gcp/asia-east2,512MiB,536870912,Sentinel-2 granule,3,9928,540275,true,verified,0.9476655406968674,600
gcp/asia-northeast1,4MiB,4194304,Zarr chunk,1,229,39149,true,verified,0.10217374645584817,600
gcp/asia-northeast1,4MiB,4194304,Zarr chunk,2,449,5513,true,verified,0.7255577725376383,600
gcp/asia-northeast1,4MiB,4194304,Zarr chunk,3,443,7902,true,verified,0.5062009617818274,600
gcp/asia-northeast1,64MiB,67108864,COG tile,1,1927,63481,true,verified,1.008175674611301,600
gcp/asia-northeast1,64MiB,67108864,COG tile,2,1701,72212,true,verified,0.8862792887608708,600
gcp/asia-northeast1,64MiB,67108864,COG tile,3,1703,69440,true,verified,0.9216589861751152,600
gcp/asia-northeast1,512MiB,536870912,Sentinel-2 granule,1,10425,472594,true,verified,1.0833823535635239,600
gcp/asia-northeast1,512MiB,536870912,Sentinel-2 granule,2,9456,522516,true,verified,0.979874300499889,600
gcp/asia-northeast1,512MiB,536870912,Sentinel-2 granule,3,10380,529333,true,verified,0.967255017163109,600
gcp/asia-northeast2,4MiB,4194304,Zarr chunk,1,150,45968,true,verified,0.0870170553428472,600
gcp/asia-northeast2,4MiB,4194304,Zarr chunk,2,414,6035,true,verified,0.6628003314001657,600
gcp/asia-northeast2,4MiB,4194304,Zarr chunk,3,413,8021,true,verified,0.4986909362922329,600
gcp/asia-northeast2,64MiB,67108864,COG tile,1,1516,72969,true,verified,0.8770847894311283,600
gcp/asia-northeast2,64MiB,67108864,COG tile,2,1929,63292,true,verified,1.011186247867029,600
gcp/asia-northeast2,64MiB,67108864,COG tile,3,1905,66645,true,verified,0.9603121014329657,600
gcp/asia-northeast2,512MiB,536870912,Sentinel-2 granule,1,8188,518388,true,verified,0.9876771838854295,600
gcp/asia-northeast2,512MiB,536870912,Sentinel-2 granule,2,8796,556496,true,verified,0.9200425519680285,600
gcp/asia-northeast2,512MiB,536870912,Sentinel-2 granule,3,10118,560559,true,verified,0.9133739713393237,600
gcp/asia-northeast3,4MiB,4194304,Zarr chunk,1,170,41684,true,verified,0.09596008060646771,600
gcp/asia-northeast3,4MiB,4194304,Zarr chunk,2,475,8240,true,verified,0.4854368932038835,600
gcp/asia-northeast3,4MiB,4194304,Zarr chunk,3,469,8225,true,verified,0.48632218844984804,600
gcp/asia-northeast3,64MiB,67108864,COG tile,1,1887,77744,true,verified,0.8232146532208273,600
gcp/asia-northeast3,64MiB,67108864,COG tile,2,1749,71228,true,verified,0.8985230527320717,600
gcp/asia-northeast3,64MiB,67108864,COG tile,3,1789,78232,true,verified,0.8180795582370386,600
gcp/asia-northeast3,512MiB,536870912,Sentinel-2 granule,1,10147,552325,true,verified,0.926990449463631,600
gcp/asia-northeast3,512MiB,536870912,Sentinel-2 granule,2,9433,577539,true,verified,0.8865202176822691,600
gcp/asia-northeast3,512MiB,536870912,Sentinel-2 granule,3,10932,582068,true,verified,0.8796223121697121,600
gcp/asia-south1,4MiB,4194304,Zarr chunk,1,150,42747,true,verified,0.09357381804571081,600
gcp/asia-south1,4MiB,4194304,Zarr chunk,2,486,8165,true,verified,0.4898958971218616,600
gcp/asia-south1,4MiB,4194304,Zarr chunk,3,461,8891,true,verified,0.4498931503767855,600
gcp/asia-south1,64MiB,67108864,COG tile,1,1864,76514,true,verified,0.8364482316961602,600
gcp/asia-south1,64MiB,67108864,COG tile,2,2295,76340,true,verified,0.8383547288446423,600
gcp/asia-south1,64MiB,67108864,COG tile,3,2384,79249,true,verified,0.8075811682166336,600
gcp/asia-south1,512MiB,536870912,Sentinel-2 granule,1,9596,574919,true,verified,0.8905602354418622,600
gcp/asia-south1,512MiB,536870912,Sentinel-2 granule,2,9811,525854,true,verified,0.9736542842690177,600
gcp/asia-south1,512MiB,536870912,Sentinel-2 granule,3,9447,532514,true,verified,0.9614770691474778,600
gcp/asia-south2,4MiB,4194304,Zarr chunk,1,156,42431,true,verified,0.09427069831019773,600
gcp/asia-south2,4MiB,4194304,Zarr chunk,2,464,8300,true,verified,0.4819277108433735,600
gcp/asia-south2,4MiB,4194304,Zarr chunk,3,467,8297,true,verified,0.4821019645655056,600
gcp/asia-south2,64MiB,67108864,COG tile,1,2030,78355,true,verified,0.8167953544764214,600
gcp/asia-south2,64MiB,67108864,COG tile,2,1752,75001,true,verified,0.8533219557072572,600
gcp/asia-south2,64MiB,67108864,COG tile,3,2066,72669,true,verified,0.8807056654144133,600
gcp/asia-south2,512MiB,536870912,Sentinel-2 granule,1,9999,602306,false,timeout,,600
gcp/asia-south2,512MiB,536870912,Sentinel-2 granule,2,11186,597425,true,verified,0.857011340335607,600
gcp/asia-south2,512MiB,536870912,Sentinel-2 granule,3,9246,546188,true,verified,0.9374061678396449,600
gcp/asia-southeast1,4MiB,4194304,Zarr chunk,1,166,51627,true,verified,0.0774788385922095,600
gcp/asia-southeast1,4MiB,4194304,Zarr chunk,2,460,7921,true,verified,0.5049867440979674,600
gcp/asia-southeast1,4MiB,4194304,Zarr chunk,3,463,7934,true,verified,0.5041593143433325,600
gcp/asia-southeast1,64MiB,67108864,COG tile,1,1944,65069,true,verified,0.9835712858657732,600
gcp/asia-southeast1,64MiB,67108864,COG tile,2,1852,64177,true,verified,0.9972420025865965,600
gcp/asia-southeast1,64MiB,67108864,COG tile,3,1683,63496,true,verified,1.0079375078745119,600
gcp/asia-southeast1,512MiB,536870912,Sentinel-2 granule,1,10116,530513,true,verified,0.965103588413479,600
gcp/asia-southeast1,512MiB,536870912,Sentinel-2 granule,2,11173,545860,true,verified,0.9379694427142491,600
gcp/asia-southeast1,512MiB,536870912,Sentinel-2 granule,3,11035,492007,true,verified,1.040635600712998,600
gcp/asia-southeast2,4MiB,4194304,Zarr chunk,1,274,41469,true,verified,0.09645759482987291,600
gcp/asia-southeast2,4MiB,4194304,Zarr chunk,2,408,8039,true,verified,0.4975743251648215,600
gcp/asia-southeast2,4MiB,4194304,Zarr chunk,3,412,8379,true,verified,0.47738393603055257,600
gcp/asia-southeast2,64MiB,67108864,COG tile,1,1396,67224,true,verified,0.9520409377603237,600
gcp/asia-southeast2,64MiB,67108864,COG tile,2,1928,75526,true,verified,0.8473903026772237,600
gcp/asia-southeast2,64MiB,67108864,COG tile,3,1925,74079,true,verified,0.8639425478205699,600
gcp/asia-southeast2,512MiB,536870912,Sentinel-2 granule,1,8643,565125,true,verified,0.9059942490599425,600
gcp/asia-southeast2,512MiB,536870912,Sentinel-2 granule,2,8628,548737,true,verified,0.9330517169427248,600
gcp/asia-southeast2,512MiB,536870912,Sentinel-2 granule,3,9045,575598,true,verified,0.889509692528466,600
gcp/australia-southeast1,4MiB,4194304,Zarr chunk,1,196,42004,true,verified,0.09522902580706599,600
gcp/australia-southeast1,4MiB,4194304,Zarr chunk,2,487,8733,true,verified,0.45803274934157795,600
gcp/australia-southeast1,4MiB,4194304,Zarr chunk,3,478,8423,true,verified,0.47489018164549446,600
gcp/australia-southeast1,64MiB,67108864,COG tile,1,1904,81337,true,verified,0.7868497731659638,600
gcp/australia-southeast1,64MiB,67108864,COG tile,2,1738,83456,true,verified,0.7668711656441718,600
gcp/australia-southeast1,64MiB,67108864,COG tile,3,2403,80562,true,verified,0.7944192050842829,600
gcp/australia-southeast1,512MiB,536870912,Sentinel-2 granule,1,10220,600818,false,timeout,,600
gcp/australia-southeast1,512MiB,536870912,Sentinel-2 granule,2,12018,600877,false,timeout,,600
gcp/australia-southeast1,512MiB,536870912,Sentinel-2 granule,3,11988,603234,false,timeout,,600
gcp/australia-southeast2,4MiB,4194304,Zarr chunk,1,171,42067,true,verified,0.09508640977488292,600
gcp/australia-southeast2,4MiB,4194304,Zarr chunk,2,442,8413,true,verified,0.4754546535124213,600
gcp/australia-southeast2,4MiB,4194304,Zarr chunk,3,438,8411,true,verified,0.4755677089525621,600
gcp/australia-southeast2,64MiB,67108864,COG tile,1,1895,73647,true,verified,0.8690102787622035,600
gcp/australia-southeast2,64MiB,67108864,COG tile,2,1289,82762,true,verified,0.7733017568449289,600
gcp/australia-southeast2,64MiB,67108864,COG tile,3,1788,79917,true,verified,0.8008308620193451,600
gcp/australia-southeast2,512MiB,536870912,Sentinel-2 granule,1,8635,575873,true,verified,0.8890849197652955,600
gcp/australia-southeast2,512MiB,536870912,Sentinel-2 granule,2,7870,568587,true,verified,0.9004778512347275,600
gcp/australia-southeast2,512MiB,536870912,Sentinel-2 granule,3,8608,602061,false,timeout,,600
gcp/europe-central2,4MiB,4194304,Zarr chunk,1,289,44796,true,verified,0.0892936869363336,600
gcp/europe-central2,4MiB,4194304,Zarr chunk,2,234,3895,true,verified,1.0269576379974326,600
gcp/europe-central2,4MiB,4194304,Zarr chunk,3,244,2973,true,verified,1.3454423141607803,600
gcp/europe-central2,64MiB,67108864,COG tile,1,1657,23376,true,verified,2.737850787132101,600
gcp/europe-central2,64MiB,67108864,COG tile,2,1448,25317,true,verified,2.527945649168543,600
gcp/europe-central2,64MiB,67108864,COG tile,3,1525,26530,true,verified,2.412363362231436,600
gcp/europe-central2,512MiB,536870912,Sentinel-2 granule,1,9647,185084,true,verified,2.7663115126104905,600
gcp/europe-central2,512MiB,536870912,Sentinel-2 granule,2,9341,169250,true,verified,3.0251107828655837,600
gcp/europe-central2,512MiB,536870912,Sentinel-2 granule,3,10792,152526,true,verified,3.3568047414866973,600
gcp/europe-north1,4MiB,4194304,Zarr chunk,1,159,45473,true,verified,0.08796428649968113,600
gcp/europe-north1,4MiB,4194304,Zarr chunk,2,291,12307,true,verified,0.32501828227837815,600
gcp/europe-north1,4MiB,4194304,Zarr chunk,3,255,3404,true,verified,1.1750881316098707,600
gcp/europe-north1,64MiB,67108864,COG tile,1,1650,35018,true,verified,1.8276315037980466,600
gcp/europe-north1,64MiB,67108864,COG tile,2,1510,29375,true,verified,2.178723404255319,600
gcp/europe-north1,64MiB,67108864,COG tile,3,1566,27343,true,verified,2.3406356288629633,600
gcp/europe-north1,512MiB,536870912,Sentinel-2 granule,1,9025,180348,true,verified,2.838955796571074,600
gcp/europe-north1,512MiB,536870912,Sentinel-2 granule,2,9794,174936,true,verified,2.9267846526729775,600
gcp/europe-north1,512MiB,536870912,Sentinel-2 granule,3,10090,168794,true,verified,3.0332831735725203,600
gcp/europe-north2,4MiB,4194304,Zarr chunk,1,108,45665,true,verified,0.08759443775320268,600
gcp/europe-north2,4MiB,4194304,Zarr chunk,2,211,3885,true,verified,1.0296010296010296,600
gcp/europe-north2,4MiB,4194304,Zarr chunk,3,222,4213,true,verified,0.9494422027059103,600
gcp/europe-north2,64MiB,67108864,COG tile,1,1647,30135,true,verified,2.1237763398042144,600
gcp/europe-north2,64MiB,67108864,COG tile,2,2006,28344,true,verified,2.2579734688117417,600
gcp/europe-north2,64MiB,67108864,COG tile,3,1107,27226,true,verified,2.350694189377801,600
gcp/europe-north2,512MiB,536870912,Sentinel-2 granule,1,8373,198315,true,verified,2.581751254317626,600
gcp/europe-north2,512MiB,536870912,Sentinel-2 granule,2,9645,176933,true,verified,2.8937507418062203,600
gcp/europe-north2,512MiB,536870912,Sentinel-2 granule,3,9406,161696,true,verified,3.166435780724322,600
gcp/europe-southwest1,4MiB,4194304,Zarr chunk,1,116,40324,true,verified,0.09919650828290844,600
gcp/europe-southwest1,4MiB,4194304,Zarr chunk,2,243,4354,true,verified,0.9186954524575104,600
gcp/europe-southwest1,4MiB,4194304,Zarr chunk,3,238,4530,true,verified,0.8830022075055187,600
gcp/europe-southwest1,64MiB,67108864,COG tile,1,1697,24988,true,verified,2.5612293901072514,600
gcp/europe-southwest1,64MiB,67108864,COG tile,2,1178,26011,true,verified,2.4604974818346084,600
gcp/europe-southwest1,64MiB,67108864,COG tile,3,1155,20494,true,verified,3.1228652288474676,600
gcp/europe-southwest1,512MiB,536870912,Sentinel-2 granule,1,8572,169479,true,verified,3.0210232536184423,600
gcp/europe-southwest1,512MiB,536870912,Sentinel-2 granule,2,8658,155413,true,verified,3.294447697425569,600
gcp/europe-southwest1,512MiB,536870912,Sentinel-2 granule,3,9061,133805,true,verified,3.8264638840103133,600
gcp/europe-west1,4MiB,4194304,Zarr chunk,1,180,42301,true,verified,0.09456041228339755,600
gcp/europe-west1,4MiB,4194304,Zarr chunk,2,294,2982,true,verified,1.341381623071764,600
gcp/europe-west1,4MiB,4194304,Zarr chunk,3,243,4243,true,verified,0.9427292010370021,600
gcp/europe-west1,64MiB,67108864,COG tile,1,1830,16311,true,verified,3.923732450493532,600
gcp/europe-west1,64MiB,67108864,COG tile,2,2258,22311,true,verified,2.868540181973018,600
gcp/europe-west1,64MiB,67108864,COG tile,3,1800,27587,true,verified,2.31993330191757,600
gcp/europe-west1,512MiB,536870912,Sentinel-2 granule,1,10743,143177,true,verified,3.575993350887363,600
gcp/europe-west1,512MiB,536870912,Sentinel-2 granule,2,10416,119558,true,verified,4.282440321852156,600
gcp/europe-west1,512MiB,536870912,Sentinel-2 granule,3,9773,100331,true,verified,5.103108710169339,600
gcp/europe-west10,4MiB,4194304,Zarr chunk,1,272,43109,true,verified,0.09278804889930177,600
gcp/europe-west10,4MiB,4194304,Zarr chunk,2,488,3388,true,verified,1.1806375442739079,600
gcp/europe-west10,4MiB,4194304,Zarr chunk,3,495,3880,true,verified,1.0309278350515463,600
gcp/europe-west10,64MiB,67108864,COG tile,1,1353,18600,true,verified,3.4408602150537635,600
gcp/europe-west10,64MiB,67108864,COG tile,2,1105,23372,true,verified,2.738319356494951,600
gcp/europe-west10,64MiB,67108864,COG tile,3,1333,21341,true,verified,2.998922262311982,600
gcp/europe-west10,512MiB,536870912,Sentinel-2 granule,1,8746,150441,true,verified,3.4033275503353475,600
gcp/europe-west10,512MiB,536870912,Sentinel-2 granule,2,7866,149034,true,verified,3.43545768079767,600
gcp/europe-west10,512MiB,536870912,Sentinel-2 granule,3,8035,144448,true,verified,3.544528134692069,600
gcp/europe-west12,4MiB,4194304,Zarr chunk,1,109,42849,true,verified,0.0933510700366403,600
gcp/europe-west12,4MiB,4194304,Zarr chunk,2,219,2805,true,verified,1.4260249554367201,600
gcp/europe-west12,4MiB,4194304,Zarr chunk,3,185,3091,true,verified,1.2940795858945324,600
gcp/europe-west12,64MiB,67108864,COG tile,1,1668,20678,true,verified,3.0950768933165684,600
gcp/europe-west12,64MiB,67108864,COG tile,2,1090,24930,true,verified,2.567188126754914,600
gcp/europe-west12,64MiB,67108864,COG tile,3,1081,17828,true,verified,3.589858649315683,600
gcp/europe-west12,512MiB,536870912,Sentinel-2 granule,1,9203,138177,true,verified,3.7053923590756783,600
gcp/europe-west12,512MiB,536870912,Sentinel-2 granule,2,8396,146575,true,verified,3.4930922735800785,600
gcp/europe-west12,512MiB,536870912,Sentinel-2 granule,3,7838,145437,true,verified,3.520424651223554,600
gcp/europe-west2,4MiB,4194304,Zarr chunk,1,307,41868,true,verified,0.09553835865099837,600
gcp/europe-west2,4MiB,4194304,Zarr chunk,2,246,2788,true,verified,1.4347202295552368,600
gcp/europe-west2,4MiB,4194304,Zarr chunk,3,243,4599,true,verified,0.8697542944118286,600
gcp/europe-west2,64MiB,67108864,COG tile,1,1683,19246,true,verified,3.325366309882573,600
gcp/europe-west2,64MiB,67108864,COG tile,2,1559,23601,true,verified,2.7117495021397398,600
gcp/europe-west2,64MiB,67108864,COG tile,3,1539,18423,true,verified,3.4739184714758724,600
gcp/europe-west2,512MiB,536870912,Sentinel-2 granule,1,10793,142993,true,verified,3.5805948542935666,600
gcp/europe-west2,512MiB,536870912,Sentinel-2 granule,2,10572,152005,true,verified,3.3683102529522055,600
gcp/europe-west2,512MiB,536870912,Sentinel-2 granule,3,10204,130949,true,verified,3.909919128821144,600
gcp/europe-west3,4MiB,4194304,Zarr chunk,1,134,44911,true,verified,0.08906503974527398,600
gcp/europe-west3,4MiB,4194304,Zarr chunk,2,197,3342,true,verified,1.196888090963495,600
gcp/europe-west3,4MiB,4194304,Zarr chunk,3,199,3391,true,verified,1.1795930404010617,600
gcp/europe-west3,64MiB,67108864,COG tile,1,1555,24211,true,verified,2.6434265416546197,600
gcp/europe-west3,64MiB,67108864,COG tile,2,1102,17870,true,verified,3.5814213766088416,600
gcp/europe-west3,64MiB,67108864,COG tile,3,1965,17720,true,verified,3.6117381489841986,600
gcp/europe-west3,512MiB,536870912,Sentinel-2 granule,1,9566,138187,true,verified,3.705124215736647,600
gcp/europe-west3,512MiB,536870912,Sentinel-2 granule,2,8574,158117,true,verified,3.238108489283252,600
gcp/europe-west3,512MiB,536870912,Sentinel-2 granule,3,9186,134635,true,verified,3.802874438296134,600
gcp/europe-west4,4MiB,4194304,Zarr chunk,1,156,42965,true,verified,0.09309903409752124,600
gcp/europe-west4,4MiB,4194304,Zarr chunk,2,245,1791,true,verified,2.233389168062535,600
gcp/europe-west4,4MiB,4194304,Zarr chunk,3,529,3108,true,verified,1.287001287001287,600
gcp/europe-west4,64MiB,67108864,COG tile,1,2107,16046,true,verified,3.9885329677178114,600
gcp/europe-west4,64MiB,67108864,COG tile,2,2247,17358,true,verified,3.6870607212812536,600
gcp/europe-west4,64MiB,67108864,COG tile,3,1598,16289,true,verified,3.929031861992756,600
gcp/europe-west4,512MiB,536870912,Sentinel-2 granule,1,11156,105845,true,verified,4.837262034106477,600
gcp/europe-west4,512MiB,536870912,Sentinel-2 granule,2,9615,101725,true,verified,5.0331776849348735,600
gcp/europe-west4,512MiB,536870912,Sentinel-2 granule,3,9818,104086,true,verified,4.919009280787042,600
gcp/europe-west6,4MiB,4194304,Zarr chunk,1,102,44334,true,verified,0.09022420715477963,600
gcp/europe-west6,4MiB,4194304,Zarr chunk,2,183,3051,true,verified,1.3110455588331695,600
gcp/europe-west6,4MiB,4194304,Zarr chunk,3,176,1987,true,verified,2.0130850528434827,600
gcp/europe-west6,64MiB,67108864,COG tile,1,1930,20731,true,verified,3.0871641503063048,600
gcp/europe-west6,64MiB,67108864,COG tile,2,1153,23356,true,verified,2.7401952389107724,600
gcp/europe-west6,64MiB,67108864,COG tile,3,1405,17159,true,verified,3.729821085144822,600
gcp/europe-west6,512MiB,536870912,Sentinel-2 granule,1,9840,149531,true,verified,3.4240391624479205,600
gcp/europe-west6,512MiB,536870912,Sentinel-2 granule,2,8959,145324,true,verified,3.5231620379290414,600
gcp/europe-west6,512MiB,536870912,Sentinel-2 granule,3,9657,141252,true,verified,3.6247274374876106,600
gcp/europe-west8,4MiB,4194304,Zarr chunk,1,184,42909,true,verified,0.09322053648418746,600
gcp/europe-west8,4MiB,4194304,Zarr chunk,2,326,3593,true,verified,1.113275814082939,600
gcp/europe-west8,4MiB,4194304,Zarr chunk,3,659,10757,true,verified,0.3718508877939946,600
gcp/europe-west8,64MiB,67108864,COG tile,1,1646,17893,true,verified,3.576817749958084,600
gcp/europe-west8,64MiB,67108864,COG tile,2,1685,22112,true,verified,2.894356005788712,600
gcp/europe-west8,64MiB,67108864,COG tile,3,1695,16472,true,verified,3.885381253035454,600
gcp/europe-west8,512MiB,536870912,Sentinel-2 granule,1,10362,137591,true,verified,3.7211736232747783,600
gcp/europe-west8,512MiB,536870912,Sentinel-2 granule,2,11380,135693,true,verified,3.7732233792457976,600
gcp/europe-west8,512MiB,536870912,Sentinel-2 granule,3,10858,115943,true,verified,4.415963016309738,600
gcp/europe-west9,4MiB,4194304,Zarr chunk,1,161,38176,true,verified,0.10477787091366303,600
gcp/europe-west9,4MiB,4194304,Zarr chunk,2,233,1885,true,verified,2.1220159151193636,600
gcp/europe-west9,4MiB,4194304,Zarr chunk,3,239,2799,true,verified,1.429081814933905,600
gcp/europe-west9,64MiB,67108864,COG tile,1,1817,20776,true,verified,3.0804774740084713,600
gcp/europe-west9,64MiB,67108864,COG tile,2,1735,19599,true,verified,3.2654727282004186,600
gcp/europe-west9,64MiB,67108864,COG tile,3,1442,23075,true,verified,2.7735644637053087,600
gcp/europe-west9,512MiB,536870912,Sentinel-2 granule,1,9865,142305,true,verified,3.5979059063279575,600
gcp/europe-west9,512MiB,536870912,Sentinel-2 granule,2,9275,142130,true,verified,3.6023358896784634,600
gcp/europe-west9,512MiB,536870912,Sentinel-2 granule,3,9400,132755,true,verified,3.856728560129562,600
gcp/northamerica-northeast1,4MiB,4194304,Zarr chunk,1,187,42884,true,verified,0.09327488107452662,600
gcp/northamerica-northeast1,4MiB,4194304,Zarr chunk,2,327,4400,true,verified,0.9090909090909091,600
gcp/northamerica-northeast1,4MiB,4194304,Zarr chunk,3,343,7005,true,verified,0.5710206995003569,600
gcp/northamerica-northeast1,64MiB,67108864,COG tile,1,1794,40894,true,verified,1.5650217635838999,600
gcp/northamerica-northeast1,64MiB,67108864,COG tile,2,1639,40787,true,verified,1.5691274180498689,600
gcp/northamerica-northeast1,64MiB,67108864,COG tile,3,1819,33556,true,verified,1.9072595064966027,600
gcp/northamerica-northeast1,512MiB,536870912,Sentinel-2 granule,1,11265,281931,true,verified,1.8160471888511729,600
gcp/northamerica-northeast1,512MiB,536870912,Sentinel-2 granule,2,10360,275709,true,verified,1.8570304197541612,600
gcp/northamerica-northeast1,512MiB,536870912,Sentinel-2 granule,3,12039,275033,true,verified,1.8615947904433285,600
gcp/northamerica-northeast2,4MiB,4194304,Zarr chunk,1,256,39859,true,verified,0.10035374695802704,600
gcp/northamerica-northeast2,4MiB,4194304,Zarr chunk,2,670,5598,true,verified,0.7145409074669525,600
gcp/northamerica-northeast2,4MiB,4194304,Zarr chunk,3,675,7305,true,verified,0.5475701574264202,600
gcp/northamerica-northeast2,64MiB,67108864,COG tile,1,1758,44244,true,verified,1.4465238224392007,600
gcp/northamerica-northeast2,64MiB,67108864,COG tile,2,1652,42985,true,verified,1.4888914737699197,600
gcp/northamerica-northeast2,64MiB,67108864,COG tile,3,1286,39457,true,verified,1.6220189066578807,600
gcp/northamerica-northeast2,512MiB,536870912,Sentinel-2 granule,1,10453,309482,true,verified,1.654377314351077,600
gcp/northamerica-northeast2,512MiB,536870912,Sentinel-2 granule,2,9178,287885,true,verified,1.7784879378918665,600
gcp/northamerica-northeast2,512MiB,536870912,Sentinel-2 granule,3,9649,288014,true,verified,1.7776913622254473,600
gcp/northamerica-south1,4MiB,4194304,Zarr chunk,1,134,44423,true,verified,0.090043445962677,600
gcp/northamerica-south1,4MiB,4194304,Zarr chunk,2,314,7254,true,verified,0.5514199062586159,600
gcp/northamerica-south1,4MiB,4194304,Zarr chunk,3,352,5057,true,verified,0.7909827961241843,600
gcp/northamerica-south1,64MiB,67108864,COG tile,1,1379,50677,true,verified,1.2629003295380548,600
gcp/northamerica-south1,64MiB,67108864,COG tile,2,1185,53693,true,verified,1.191961708230123,600
gcp/northamerica-south1,64MiB,67108864,COG tile,3,1612,65032,true,verified,0.9841308894082913,600
gcp/northamerica-south1,512MiB,536870912,Sentinel-2 granule,1,8625,309746,true,verified,1.6529672699566742,600
gcp/northamerica-south1,512MiB,536870912,Sentinel-2 granule,2,9299,369964,true,verified,1.3839184353072191,600
gcp/northamerica-south1,512MiB,536870912,Sentinel-2 granule,3,8500,366547,true,verified,1.3968195074574339,600
gcp/southamerica-east1,4MiB,4194304,Zarr chunk,1,159,40916,true,verified,0.09776126698602014,600
gcp/southamerica-east1,4MiB,4194304,Zarr chunk,2,411,7513,true,verified,0.5324104884866232,600
gcp/southamerica-east1,4MiB,4194304,Zarr chunk,3,420,7512,true,verified,0.5324813631522897,600
gcp/southamerica-east1,64MiB,67108864,COG tile,1,1825,57159,true,verified,1.1196836893577564,600
gcp/southamerica-east1,64MiB,67108864,COG tile,2,1989,57197,true,verified,1.1189398045352028,600
gcp/southamerica-east1,64MiB,67108864,COG tile,3,1899,54719,true,verified,1.1696120177634826,600
gcp/southamerica-east1,512MiB,536870912,Sentinel-2 granule,1,11527,466006,true,verified,1.0986983000218882,600
gcp/southamerica-east1,512MiB,536870912,Sentinel-2 granule,2,9986,479553,true,verified,1.0676609259039147,600
gcp/southamerica-east1,512MiB,536870912,Sentinel-2 granule,3,10372,479170,true,verified,1.0685143059874367,600
gcp/southamerica-west1,4MiB,4194304,Zarr chunk,1,310,38932,true,verified,0.10274324463166547,600
gcp/southamerica-west1,4MiB,4194304,Zarr chunk,2,438,8920,true,verified,0.4484304932735426,600
gcp/southamerica-west1,4MiB,4194304,Zarr chunk,3,412,5137,true,verified,0.7786645902277594,600
gcp/southamerica-west1,64MiB,67108864,COG tile,1,2251,63233,true,verified,1.0121297423813516,600
gcp/southamerica-west1,64MiB,67108864,COG tile,2,1783,63267,true,verified,1.0115858188313023,600
gcp/southamerica-west1,64MiB,67108864,COG tile,3,2403,62712,true,verified,1.0205383339711698,600
gcp/southamerica-west1,512MiB,536870912,Sentinel-2 granule,1,11343,472122,true,verified,1.0844654559626536,600
gcp/southamerica-west1,512MiB,536870912,Sentinel-2 granule,2,10761,477463,true,verified,1.0723344007807936,600
gcp/southamerica-west1,512MiB,536870912,Sentinel-2 granule,3,11111,481315,true,verified,1.063752428243458,600
gcp/us-central1,4MiB,4194304,Zarr chunk,1,167,41362,true,verified,0.09670712247957063,600
gcp/us-central1,4MiB,4194304,Zarr chunk,2,330,4439,true,verified,0.9011038522189683,600
gcp/us-central1,4MiB,4194304,Zarr chunk,3,348,3735,true,verified,1.07095046854083,600
gcp/us-central1,64MiB,67108864,COG tile,1,1714,37682,true,verified,1.698423650549334,600
gcp/us-central1,64MiB,67108864,COG tile,2,1612,40342,true,verified,1.586435972435675,600
gcp/us-central1,64MiB,67108864,COG tile,3,1765,46579,true,verified,1.374009746881642,600
gcp/us-central1,512MiB,536870912,Sentinel-2 granule,1,10632,311048,true,verified,1.646048198348808,600
gcp/us-central1,512MiB,536870912,Sentinel-2 granule,2,10259,306520,true,verified,1.6703640871721257,600
gcp/us-central1,512MiB,536870912,Sentinel-2 granule,3,10529,306571,true,verified,1.6700862116769035,600
gcp/us-east1,4MiB,4194304,Zarr chunk,1,171,44652,true,verified,0.08958165367732689,600
gcp/us-east1,4MiB,4194304,Zarr chunk,2,958,4343,true,verified,0.9210223347916187,600
gcp/us-east1,4MiB,4194304,Zarr chunk,3,708,5303,true,verified,0.7542900245144258,600
gcp/us-east1,64MiB,67108864,COG tile,1,1751,35138,true,verified,1.8213899482042233,600
gcp/us-east1,64MiB,67108864,COG tile,2,1565,35777,true,verified,1.7888587640103977,600
gcp/us-east1,64MiB,67108864,COG tile,3,1748,38326,true,verified,1.6698846735897301,600
gcp/us-east1,512MiB,536870912,Sentinel-2 granule,1,11380,314078,true,verified,1.6301683021415063,600
gcp/us-east1,512MiB,536870912,Sentinel-2 granule,2,10172,287036,true,verified,1.7837483799941471,600
gcp/us-east1,512MiB,536870912,Sentinel-2 granule,3,12149,286945,true,verified,1.7843140671557267,600
gcp/us-east4,4MiB,4194304,Zarr chunk,1,181,45074,true,verified,0.08874295602786529,600
gcp/us-east4,4MiB,4194304,Zarr chunk,2,350,4914,true,verified,0.814000814000814,600
gcp/us-east4,4MiB,4194304,Zarr chunk,3,315,3264,true,verified,1.2254901960784315,600
gcp/us-east4,64MiB,67108864,COG tile,1,1871,30055,true,verified,2.1294293794709698,600
gcp/us-east4,64MiB,67108864,COG tile,2,2347,38950,true,verified,1.6431322207958923,600
gcp/us-east4,64MiB,67108864,COG tile,3,2698,33659,true,verified,1.9014230963486736,600
gcp/us-east4,512MiB,536870912,Sentinel-2 granule,1,12933,305678,true,verified,1.6749651594161177,600
gcp/us-east4,512MiB,536870912,Sentinel-2 granule,2,9640,273067,true,verified,1.8749977111844345,600
gcp/us-east4,512MiB,536870912,Sentinel-2 granule,3,10680,269879,true,verified,1.897146498986583,600
gcp/us-east5,4MiB,4194304,Zarr chunk,1,316,43264,true,verified,0.09245562130177515,600
gcp/us-east5,4MiB,4194304,Zarr chunk,2,309,3458,true,verified,1.156737998843262,600
gcp/us-east5,4MiB,4194304,Zarr chunk,3,326,3468,true,verified,1.1534025374855825,600
gcp/us-east5,64MiB,67108864,COG tile,1,1818,30214,true,verified,2.1182233401734294,600
gcp/us-east5,64MiB,67108864,COG tile,2,1598,30044,true,verified,2.1302090267607507,600
gcp/us-east5,64MiB,67108864,COG tile,3,1553,30407,true,verified,2.1047785049495182,600
gcp/us-east5,512MiB,536870912,Sentinel-2 granule,1,9881,268195,true,verified,1.9090587072838792,600
gcp/us-east5,512MiB,536870912,Sentinel-2 granule,2,12831,251974,true,verified,2.0319556779667742,600
gcp/us-east5,512MiB,536870912,Sentinel-2 granule,3,10320,252026,true,verified,2.0315364287811577,600
gcp/us-south1,4MiB,4194304,Zarr chunk,1,170,44294,true,verified,0.09030568474285457,600
gcp/us-south1,4MiB,4194304,Zarr chunk,2,480,4666,true,verified,0.8572653236176596,600
gcp/us-south1,4MiB,4194304,Zarr chunk,3,735,3715,true,verified,1.0767160161507403,600
gcp/us-south1,64MiB,67108864,COG tile,1,2462,53385,true,verified,1.1988386250819518,600
gcp/us-south1,64MiB,67108864,COG tile,2,2165,47913,true,verified,1.3357543881618767,600
gcp/us-south1,64MiB,67108864,COG tile,3,2223,47624,true,verified,1.3438602385351923,600
gcp/us-south1,512MiB,536870912,Sentinel-2 granule,1,11667,342006,true,verified,1.4970497593609469,600
gcp/us-south1,512MiB,536870912,Sentinel-2 granule,2,10379,328311,true,verified,1.5594969404010222,600
gcp/us-south1,512MiB,536870912,Sentinel-2 granule,3,10342,326956,true,verified,1.5659599456807645,600
gcp/us-west1,4MiB,4194304,Zarr chunk,1,178,47733,true,verified,0.08379946787337901,600
gcp/us-west1,4MiB,4194304,Zarr chunk,2,377,4674,true,verified,0.8557980316645272,600
gcp/us-west1,4MiB,4194304,Zarr chunk,3,371,4776,true,verified,0.8375209380234506,600
gcp/us-west1,64MiB,67108864,COG tile,1,1826,45516,true,verified,1.4060989542139029,600
gcp/us-west1,64MiB,67108864,COG tile,2,1547,53483,true,verified,1.1966419236018921,600
gcp/us-west1,64MiB,67108864,COG tile,3,1347,46804,true,verified,1.3674044953422784,600
gcp/us-west1,512MiB,536870912,Sentinel-2 granule,1,11194,355153,true,verified,1.4416321979541211,600
gcp/us-west1,512MiB,536870912,Sentinel-2 granule,2,10664,363745,true,verified,1.4075794856286685,600
gcp/us-west1,512MiB,536870912,Sentinel-2 granule,3,10322,365362,true,verified,1.4013498940776545,600
gcp/us-west2,4MiB,4194304,Zarr chunk,1,207,45188,true,verified,0.088519075860848,600
gcp/us-west2,4MiB,4194304,Zarr chunk,2,388,13893,true,verified,0.2879147772259411,600
gcp/us-west2,4MiB,4194304,Zarr chunk,3,375,7844,true,verified,0.5099439061703213,600
gcp/us-west2,64MiB,67108864,COG tile,1,1825,49776,true,verified,1.2857602057216329,600
gcp/us-west2,64MiB,67108864,COG tile,2,1720,50080,true,verified,1.2779552715654952,600
gcp/us-west2,64MiB,67108864,COG tile,3,1658,50008,true,verified,1.279795232762758,600
gcp/us-west2,512MiB,536870912,Sentinel-2 granule,1,9279,382971,true,verified,1.3369158500251976,600
gcp/us-west2,512MiB,536870912,Sentinel-2 granule,2,10549,364884,true,verified,1.4031856699663454,600
gcp/us-west2,512MiB,536870912,Sentinel-2 granule,3,9785,315289,true,verified,1.623906955206176,600
gcp/us-west3,4MiB,4194304,Zarr chunk,1,299,40881,true,verified,0.09784496465350652,600
gcp/us-west3,4MiB,4194304,Zarr chunk,2,392,6884,true,verified,0.5810575246949448,600
gcp/us-west3,4MiB,4194304,Zarr chunk,3,385,3789,true,verified,1.0556875164951174,600
gcp/us-west3,64MiB,67108864,COG tile,1,1799,45196,true,verified,1.4160545180989468,600
gcp/us-west3,64MiB,67108864,COG tile,2,1726,46828,true,verified,1.3667036815580422,600
gcp/us-west3,64MiB,67108864,COG tile,3,1679,49429,true,verified,1.2947864613890632,600
gcp/us-west3,512MiB,536870912,Sentinel-2 granule,1,10148,348667,true,verified,1.468449838958089,600
gcp/us-west3,512MiB,536870912,Sentinel-2 granule,2,12075,322515,true,verified,1.5875230609429019,600
gcp/us-west3,512MiB,536870912,Sentinel-2 granule,3,10050,339876,true,verified,1.506431757464487,600
gcp/us-west4,4MiB,4194304,Zarr chunk,1,173,36691,true,verified,0.10901856040990979,600
gcp/us-west4,4MiB,4194304,Zarr chunk,2,401,11476,true,verified,0.34855350296270476,600
gcp/us-west4,4MiB,4194304,Zarr chunk,3,364,4995,true,verified,0.8008008008008008,600
gcp/us-west4,64MiB,67108864,COG tile,1,1731,45217,true,verified,1.4153968640113233,600
gcp/us-west4,64MiB,67108864,COG tile,2,1706,57831,true,verified,1.1066728917016826,600
gcp/us-west4,64MiB,67108864,COG tile,3,1675,53373,true,verified,1.199108163303543,600
gcp/us-west4,512MiB,536870912,Sentinel-2 granule,1,9643,381652,true,verified,1.3415362686426378,600
gcp/us-west4,512MiB,536870912,Sentinel-2 granule,2,11046,329289,true,verified,1.5548651792194699,600
gcp/us-west4,512MiB,536870912,Sentinel-2 granule,3,10692,378685,true,verified,1.3520472160238721,600
iff,4MiB,4194304,Zarr chunk,1,1102,7515,true,verified,0.5322687957418496,600
iff,4MiB,4194304,Zarr chunk,2,307,7529,true,verified,0.5312790543232833,600
iff,4MiB,4194304,Zarr chunk,3,312,7519,true,verified,0.5319856363878175,600
iff,64MiB,67108864,COG tile,1,425,60028,true,verified,1.0661691210768307,600
iff,64MiB,67108864,COG tile,2,430,59980,true,verified,1.0670223407802601,600
iff,64MiB,67108864,COG tile,3,426,60018,true,verified,1.0663467626378753,600
iff,512MiB,536870912,Sentinel-2 granule,1,1339,430334,true,verified,1.1897735247505425,600
iff,512MiB,536870912,Sentinel-2 granule,2,1295,436494,true,verified,1.172982904690557,600
iff,512MiB,536870912,Sentinel-2 granule,3,1360,460753,true,verified,1.1112244521468118,600
lamce,4MiB,4194304,Zarr chunk,1,159,3422,true,verified,1.168907071887785,600
lamce,4MiB,4194304,Zarr chunk,2,160,3426,true,verified,1.1675423234092235,600
lamce,4MiB,4194304,Zarr chunk,3,157,5753,true,verified,0.6952894142186685,600
lamce,64MiB,67108864,COG tile,1,201,43899,true,verified,1.4578919793161575,600
lamce,64MiB,67108864,COG tile,2,211,69927,true,verified,0.91524017904386,600
lamce,64MiB,67108864,COG tile,3,197,59560,true,verified,1.0745466756212223,600
lamce,512MiB,536870912,Sentinel-2 granule,1,456,424661,true,verified,1.2056675795516896,600
lamce,512MiB,536870912,Sentinel-2 granule,2,505,556596,true,verified,0.9198772538789355,600
lamce,512MiB,536870912,Sentinel-2 granule,3,440,463849,true,verified,1.1038074890751084,600
lanot,4MiB,4194304,Zarr chunk,1,267,3920,true,verified,1.0204081632653061,600
lanot,4MiB,4194304,Zarr chunk,2,271,3922,true,verified,1.0198878123406425,600
lanot,4MiB,4194304,Zarr chunk,3,268,3942,true,verified,1.0147133434804667,600
lanot,64MiB,67108864,COG tile,1,388,49857,true,verified,1.2836712999177649,600
lanot,64MiB,67108864,COG tile,2,422,52749,true,verified,1.2132931429979714,600
lanot,64MiB,67108864,COG tile,3,462,49882,true,verified,1.2830279459524478,600
lanot,512MiB,536870912,Sentinel-2 granule,1,1462,365141,true,verified,1.4021980549979323,600
lanot,512MiB,536870912,Sentinel-2 granule,2,1436,381848,true,verified,1.3408476671345666,600
lanot,512MiB,536870912,Sentinel-2 granule,3,1523,367742,true,verified,1.3922804574946566,600
nasrda,4MiB,4194304,Zarr chunk,1,728,11558,true,verified,0.3460806367883717,600
nasrda,4MiB,4194304,Zarr chunk,2,465,22036,true,verified,0.1815211472136504,600
nasrda,4MiB,4194304,Zarr chunk,3,315,12193,true,verified,0.3280570819322562,600
nasrda,64MiB,67108864,COG tile,1,2456,18758,true,verified,3.41187759889114,600
nasrda,64MiB,67108864,COG tile,2,1074,28330,true,verified,2.2590893046240734,600
nasrda,64MiB,67108864,COG tile,3,2122,34644,true,verified,1.8473617365200323,600
nasrda,512MiB,536870912,Sentinel-2 granule,1,18877,606043,false,timeout,,600
nasrda,512MiB,536870912,Sentinel-2 granule,2,28887,657084,false,timeout,,600
nasrda,512MiB,536870912,Sentinel-2 granule,3,93879,601604,false,timeout,,600
ncics,4MiB,4194304,Zarr chunk,1,687,3866,true,verified,1.0346611484738748,600
ncics,4MiB,4194304,Zarr chunk,2,190,6309,true,verified,0.6340148993501348,600
ncics,4MiB,4194304,Zarr chunk,3,215,6295,true,verified,0.6354249404289118,600
ncics,64MiB,67108864,COG tile,1,249,73479,true,verified,0.8709971556499135,600
ncics,64MiB,67108864,COG tile,2,256,52825,true,verified,1.2115475627070516,600
ncics,64MiB,67108864,COG tile,3,246,49676,true,verified,1.2883484982687816,600
ncics,512MiB,536870912,Sentinel-2 granule,1,646,551434,true,verified,0.9284882687683386,600
ncics,512MiB,536870912,Sentinel-2 granule,2,621,341793,true,verified,1.4979826971295491,600
ncics,512MiB,536870912,Sentinel-2 granule,3,626,347608,true,verified,1.4729235230489517,600
tacc-vm,4MiB,4194304,Zarr chunk,1,248,38034,true,verified,0.10516905926276489,300
tacc-vm,4MiB,4194304,Zarr chunk,2,255,6260,true,verified,0.6389776357827476,300
tacc-vm,4MiB,4194304,Zarr chunk,3,249,3555,true,verified,1.1251758087201125,300
tacc-vm,64MiB,67108864,COG tile,1,406,14359,true,verified,4.457134897973397,900
tacc-vm,64MiB,67108864,COG tile,2,469,14371,true,verified,4.453413123651798,900
tacc-vm,64MiB,67108864,COG tile,3,368,14376,true,verified,4.451864218141346,900
tacc-vm,512MiB,536870912,Sentinel-2 granule,1,1646,94613,true,verified,5.411518501685815,1800
tacc-vm,512MiB,536870912,Sentinel-2 granule,2,1567,101223,true,verified,5.0581389605129266,1800
tacc-vm,512MiB,536870912,Sentinel-2 granule,3,1579,89871,true,verified,5.697054667245274,1800
uwaterloo,4MiB,4194304,Zarr chunk,1,685,3399,true,verified,1.1768167107972933,1800
uwaterloo,4MiB,4194304,Zarr chunk,2,222,3426,true,verified,1.1675423234092235,1800
uwaterloo,4MiB,4194304,Zarr chunk,3,218,3387,true,verified,1.1809861234130499,1800
uwaterloo,64MiB,67108864,COG tile,1,307,34871,true,verified,1.8353359525106823,1800
uwaterloo,64MiB,67108864,COG tile,2,304,34860,true,verified,1.8359150889271372,1800
uwaterloo,64MiB,67108864,COG tile,3,296,51226,true,verified,1.2493655565533128,1800
uwaterloo,512MiB,536870912,Sentinel-2 granule,1,792,296104,true,verified,1.7291222003079998,1800
uwaterloo,512MiB,536870912,Sentinel-2 granule,2,816,315139,true,verified,1.6246799031538464,1800
uwaterloo,512MiB,536870912,Sentinel-2 granule,3,836,259534,true,verified,1.972766573936363,1800
